num_nodes,trial_idx,random_state,num_edges,network_density,area_size,clustering_coefficient,algebraic_connectivity,avg_path_length,modularity,x_A,y_A,x_B,y_B,x_out,y_out,dist_AB,dist_A_out,dist_B_out,dist_avg_input_to_out,voltage,duration,delay,score,default_tau_v,default_tau_w,default_a,default_b,default_v_scale,default_R_off,default_R_on,default_alpha,tuned_tau_v,tuned_tau_w,tuned_a,tuned_b,tuned_v_scale,tuned_R_off,tuned_R_on,tuned_alpha,tuned_score,score_improvement,opt_min_score,opt_max_score,opt_mean_score,opt_std_score,opt_n_calls,trial_duration_seconds,success,error_message
20,0,94336,26,0.1368421052631579,20.0,0.3516666666666667,0.5581640463430558,1.9111111111111112,0.5443786982248522,11.693030462842549,17.916005030524175,1.6187706209505068,13.66923608797424,10.633955819467564,2.1616492291671836,10.93278362601974,15.789913420154988,14.618417133073946,15.204165276614466,7.458525126397734,966.4782196310988,-104.25104675125888,0.0028174839876903,50.0,800.0,0.7,0.8,5.0,100.0,10.0,0.01,39.196253286330595,1202.6529540593767,0.529354093640964,0.8704267897539375,4.163183419572379,249.78698087184827,25.90808846771053,0.0155150642432413,0.0078290781213251,0.0050115941336348,-5.042285955229119,0.0028174839876903,-1.4196972452724546,1.5446278806320062,60,38.724133014678955,True,
20,1,52031,29,0.1526315789473684,20.0,0.4333333333333333,0.0753099154359299,3.968421052631579,0.5439952437574316,8.462345805910594,17.370674527368237,2.822595021473223,0.2126246968007787,14.647423343217728,11.156386057858375,18.061158957796646,8.767700116038668,16.111873806808077,12.439786961423373,2.8421497260095423,4058.753677506873,-133.1654484774185,0.0052378132322949,50.0,800.0,0.7,0.8,5.0,100.0,10.0,0.01,35.00298474170113,396.9775628083816,0.5825888386626116,0.8534315425791034,3.733039018451675,101.9639040903273,12.523383160331443,0.0081934101568988,0.0681664189912684,0.0629286057589734,-5.371288800418615,0.0052378132322949,-0.6179309208718464,1.053761339743433,60,47.28803110122681,True,
20,2,93798,25,0.131578947368421,20.0,0.4700000000000001,0.2907246405630779,2.2857142857142856,0.6343999999999999,12.14614476515202,17.53001993200792,17.2357991562401,11.073404252489675,15.433747481831482,3.4570799182075653,8.221463851025742,14.451850132586532,7.826607604972714,11.139228868779623,1.6326710965430562,4519.341429658504,189.21928488734153,2.8272939545104236e-12,50.0,800.0,0.7,0.8,5.0,100.0,10.0,0.01,46.040132282208354,1458.657494816036,0.5206694843757024,0.9698349072388044,4.978009513891391,169.2565674118852,5.355430641073088,0.0101094829744391,0.0003971468150427,0.0003971468122154,-3.584672033739629,2.8272939545104236e-12,-1.021836520478988,1.1691011797053574,60,41.14034986495972,True,
20,3,7595,27,0.1421052631578947,20.0,0.6983333333333333,0.2285169286464213,2.58974358974359,0.5919067215363512,6.16513842677638,2.5456710352766865,15.244502781348796,5.444963131427787,2.8158687756134726,16.643013054759457,9.531041482539273,14.48974324170292,16.72923385376476,15.60948854773384,6.209212921415364,382.4907556608829,145.21659885311522,1.6073808950523016e-12,50.0,800.0,0.7,0.8,5.0,100.0,10.0,0.01,67.19429776490429,611.6305224815935,0.581140773569155,0.8463052424855247,1.5339017751728683,295.72508936307395,16.52048143954829,0.01558765341519,6.371192462495401e-11,6.210454372990171e-11,-5.130196262513941,1.6073808950523016e-12,-1.0239287465712024,1.29931624039506,60,43.98346710205078,True,
20,4,53434,23,0.1210526315789473,20.0,0.3999999999999999,0.1821860903405315,2.8181818181818183,0.6455576559546313,1.5506495812190482,5.6563338038236,2.9195609442574093,14.822145941287548,15.957852799498156,12.432062576978897,9.26747163249702,15.920992587780336,13.255548007939248,14.588270297859792,2.2809385947447014,733.0103541694889,94.64350079356213,8.639089443818193e-12,50.0,800.0,0.7,0.8,5.0,100.0,10.0,0.01,146.2962691359653,1012.0163828994754,0.512418895638132,0.7473959728267594,4.663208055907594,174.72981301515895,20.100841637285985,0.0190888271668241,2.1782187165086947e-10,2.0918278220705128e-10,-5.236360131581797,8.639089443818193e-12,-1.524554491160434,1.5539058772438274,60,35.161245822906494,True,
20,5,28133,25,0.131578947368421,20.0,0.4366666666666667,0.1957572480148667,2.7948717948717947,0.5576000000000001,9.545967457336932,19.56941480046712,1.8410176534123424,17.247636585764937,18.471651039549897,9.928602689952648,8.04716754884992,13.138229924918678,18.169926361770493,15.654078143344584,8.452923649607158,656.7144589805293,-153.38498594089498,4.2321990356697365e-10,50.0,800.0,0.7,0.8,5.0,100.0,10.0,0.01,136.46381431303547,552.6044150058397,0.6943646610701624,0.8163015280054133,0.711847351297219,244.89614709676263,8.086144388668322,0.0078882335619209,0.1372517230815322,0.1372517226583123,-5.470074513214596,4.2321990356697365e-10,-1.27278137440722,1.306391143642324,60,35.471444845199585,True,
20,6,41027,27,0.1421052631578947,20.0,0.4316666666666666,0.1393695718131457,2.8095238095238093,0.4945130315500685,18.173970818680484,11.537534249941274,11.15380714293698,19.035930415586225,9.785960760060147,4.436415838063116,10.271740022566156,10.990204522347655,14.663452172884082,12.82682834761587,8.177371564591997,1602.866582950057,-102.59301380396998,0.0340808709918086,50.0,800.0,0.7,0.8,5.0,100.0,10.0,0.01,80.85426653286403,1027.355482441701,0.639188921366179,0.7549863510267716,6.518009302021107,145.445295170639,3.414744439093572,0.0189002576147064,0.2567235333543501,0.2226426623625415,-3.5378649548837156,0.0340808709918086,-0.9141155512958582,1.128178023489261,60,43.2875452041626,True,
20,7,54521,29,0.1526315789473684,20.0,0.5783333333333333,0.1993852655115423,2.6263736263736264,0.5368608799048752,15.264785052845156,10.987715574984833,17.843123416306753,7.064479093777588,8.27970592406643,19.213022812681704,4.694636642379601,10.791061559911922,15.461114727632442,13.126088143772185,8.725112138944016,6.596160776924041,-50.27110037068715,7.82541809130066e-10,50.0,800.0,0.7,0.8,5.0,100.0,10.0,0.01,62.850755597870915,406.3798219892235,0.7425831369649214,0.8947559383074117,7.75333809190291,257.6968756926508,25.09893725682384,0.0080216062249984,0.0,-7.82541809130066e-10,-5.018205447305571,7.82541809130066e-10,-0.8716079239702257,1.3279039682701337,60,31.87539005279541,True,
20,8,12561,36,0.1894736842105263,20.0,0.6285714285714287,0.415196044891038,1.9242424242424243,0.4780092592592593,10.14283780260454,2.5056657679302905,17.169415955749244,4.028326765234379,7.736199023470618,13.372604436393685,7.189665990500639,11.130241068250774,13.277842704564415,12.204041886407596,8.697166799551916,1316.6809217794153,-74.59963372182025,0.0034583260305443,50.0,800.0,0.7,0.8,5.0,100.0,10.0,0.01,117.15358047514104,1537.977620545921,0.5169415149796878,0.7602896030702245,9.381236373539837,196.6587526313155,38.6343134875462,0.0173509818860106,0.0306049086749398,0.0271465826443955,-3.224978219820881,0.0034583260305443,-1.1519701953594217,1.2427899014336754,60,51.98336601257324,True,
20,9,44645,27,0.1421052631578947,20.0,0.4499999999999999,0.2453590425616609,2.378787878787879,0.5020576131687243,7.341634519027524,19.282800627051003,5.617221383886035,15.58173501528426,0.3037265597089443,0.0,4.083073269395349,20.5270199606869,16.46279725116884,18.49490860592787,5.937919102656302,3986.827196021451,-178.99993703534287,0.0006506722108678,50.0,800.0,0.7,0.8,5.0,100.0,10.0,0.01,48.93629642382232,1600.0,0.5662361453556497,0.794048269411118,0.5,214.07000085046909,16.100050426043456,0.02,0.0024802173623488,0.0018295451514809,-5.177351613698422,0.0006506722108678,-1.4233501392873495,1.484901744828412,60,47.139200925827026,True,
40,0,24322,118,0.1512820512820512,20.0,0.7471031746031747,0.6125658477074947,2.0,0.6687733409939671,4.388622952294253,15.029499363015248,8.688043204431922,15.66871494111822,2.4135795870588943,4.138404209460464,4.346678163814416,11.068728469808296,13.126955444973516,12.097841957390903,6.733900109122944,122.35904297935122,17.891721741758715,0.0001315772003671,50.0,800.0,0.7,0.8,5.0,100.0,10.0,0.01,101.40628729461903,808.0749723471788,0.5514897001552379,0.7918594645829612,3.4707131079080695,183.37684324624897,2.2264460001533184,0.0184559368638321,0.0989955017817902,0.0988639245814231,-5.1176295773264,0.0001315772003671,-1.28584593999144,1.422131970307272,60,175.1620271205902,True,
40,1,77184,120,0.1538461538461538,20.0,0.7062896825396827,0.0566115903801587,3.7653846153846153,0.5546180555555555,20.0,16.555531841524594,11.159990467015485,20.0,0.245024271209037,7.400959577212641,9.487366833743076,21.77303973696897,16.66950229102919,19.22127101399908,5.038694279401999,245.8220861209439,39.76313908834311,2.3632240708854275,50.0,800.0,0.7,0.8,5.0,100.0,10.0,0.01,42.13970832734134,1470.7642626184572,0.598686504482087,0.798636046525159,3.312976852213576,222.71659610569935,20.277558474436404,0.0063932722158918,2.1330146974474214e-05,-2.363202740738453,-5.094756938504238,2.3632240708854275,-0.6406990657206918,1.3150943892342648,60,222.4318211078644,True,
40,2,5255,99,0.1269230769230769,20.0,0.6162500000000001,0.2643801054586899,3.401282051282051,0.5857055402509947,0.0,5.021980436609242,20.0,15.452215139141966,0.0,20.0,22.55636929893457,14.978019563390758,20.51054234145576,17.74428095242326,4.110047196283849,2079.849495039032,-200.0,0.0027624074754137,50.0,800.0,0.7,0.8,5.0,100.0,10.0,0.01,49.34837092167757,954.5724810620542,0.5588419747102109,0.9586810017564832,5.681324255404752,230.6201898319577,28.054416668269667,0.0084654311048456,0.0036717411743594,0.0009093336989456,-7.775293795156982,0.0027624074754137,-0.6725735193795569,1.3739713571087568,60,211.56541395187375,True,
40,3,48529,118,0.1512820512820512,20.0,0.6961147186147185,0.1189355616918924,3.5243589743589743,0.5294096523987359,19.20984686088392,7.19899808718127,1.5461705496353235,13.246468148959508,20.0,0.9163616428506568,18.67022643078195,6.3321293949891935,22.19403856523491,14.26308398011205,0.6562370427983637,5.0,-100.85291845589556,0.0,50.0,800.0,0.7,0.8,5.0,100.0,10.0,0.01,31.27738556876583,1489.2252987634408,0.5154613319947632,0.9994489768783046,9.473073196276914,202.36442030915072,42.36931699928762,0.010284488356468,0.0,0.0,-5.162003790084329,0.0,-0.7566865163079995,1.1430340178713057,60,113.78145480155943,True,
40,4,2094,110,0.141025641025641,20.0,0.6434848484848485,0.3021691653684482,2.341991341991342,0.5803719008264462,17.24408323633462,2.6121813411344412,16.662163595520884,15.11384204171918,3.3692410765680054,16.90891800619785,12.51519679193698,19.92254813593396,13.413578449210842,16.6680632925724,7.808375717822908,4793.9903027782275,-128.83118089999832,2.448938829502367e-09,50.0,800.0,0.7,0.8,5.0,100.0,10.0,0.01,43.55642630668868,322.3164853182123,0.5691494227496238,0.8809221295489587,1.1580892744657505,124.933201256304,12.708077061823609,0.0091346897712348,7.4188761800542125e-09,4.969937350551845e-09,-5.000000000000248,2.448938829502367e-09,-1.007123226695854,1.2963322755427562,60,154.44551587104797,True,
40,5,48124,128,0.1641025641025641,20.0,0.6707370407370408,0.2047641153459987,3.2282051282051283,0.488739013671875,13.55597069887842,1.9696239403205895,4.6386637070367875,0.8527717669768629,3.4239628265224904,16.023070411444728,8.986975173207627,17.325037986747216,15.218852098350444,16.27194504254883,2.6671142844850277,383.78298787778505,-136.33620867385991,0.138147997193699,50.0,800.0,0.7,0.8,5.0,100.0,10.0,0.01,150.0,300.0,0.5,1.0,10.0,251.54912615039228,7.6667277542334356,0.0196954639628959,2.0,1.861852002806301,-5.40704161177532,0.138147997193699,-0.8867991336681738,1.3142953391791337,60,376.0230550765991,True,
40,6,85980,134,0.1717948717948718,20.0,0.6643137418137417,0.1078839862003431,3.655128205128205,0.5035921140565827,20.0,20.0,17.410661713232834,18.70224441702828,16.235008817755713,8.15169386217084,2.8963498263249545,12.432116349926002,10.615850259929552,11.523983304927778,9.687471685171188,181.53387596306135,79.70537833549793,0.0455787159138449,50.0,800.0,0.7,0.8,5.0,100.0,10.0,0.01,35.44119023292925,1036.632608943014,0.6667374506149423,0.977323938542379,4.760193483091906,187.25215719039824,49.56538004223828,0.0084858117673962,0.0,-0.0455787159138449,-5.784611971294916,0.0455787159138449,-0.8244710261577367,1.2122715935918904,60,242.8991377353668,True,
40,7,11198,109,0.1397435897435897,20.0,0.684404761904762,0.1484457189077026,3.571794871794872,0.6069775271441797,14.139008621978448,2.8652768930973824,2.7697695561751767,0.6707157193322961,9.83485751797518,10.051562060225338,11.579105996612364,8.376658715106867,11.743753487680916,10.060206101393891,4.86308067976003,4010.31868463084,200.0,1.800722262480011,50.0,800.0,0.7,0.8,5.0,100.0,10.0,0.01,100.58415648726032,1534.5317758049812,0.6694608781438798,0.873183314399757,6.201666316952147,224.57710017518147,49.33292549192045,0.0058932387228104,0.0,-1.800722262480011,-5.06225139805306,1.800722262480011,-0.8588348478439206,1.1837503947964645,60,217.27955293655396,True,
40,8,34937,119,0.1525641025641025,20.0,0.6794155844155845,0.0986205001158427,3.6487179487179486,0.5704399406821552,0.0,9.13452173481194,16.513745301434515,3.187736846426968,0.0,19.549940724002237,17.551866977315388,10.415418989190297,23.247053568398503,16.8312362787944,9.355859915512376,5000.0,-200.0,0.0,50.0,800.0,0.7,0.8,5.0,100.0,10.0,0.01,100.55347866004968,1046.5513424104208,0.520923219728767,0.9922802236740302,0.917579071343287,154.09338829128504,21.566471241795792,0.0063196126314442,0.0,0.0,-5.03001740978354,0.0,-0.7745722154814164,1.2301899788580772,60,295.7362570762634,True,
40,9,23143,135,0.173076923076923,20.0,0.7697095959595959,0.3111527635814023,2.8739495798319328,0.5692455418381345,18.12856006289447,1.5188255913217534,13.569471513972388,14.04068230196934,0.4139691470750912,10.22055716881345,13.32599654355735,19.73643493039071,13.69892691266034,16.717680921525524,8.86528222186114,2753.15589243741,-32.321693131443055,0.0006320530372938,50.0,800.0,0.7,0.8,5.0,100.0,10.0,0.01,56.88355736606509,839.7071716024715,0.6502558104912832,0.7,10.0,142.403990971667,19.970382495520077,0.02,0.0015766468269345,0.0009445937896407,-3.8035263011048546,0.0006320530372938,-0.7014985476173208,1.10340343953873,60,288.94689106941223,True,
60,0,6420,266,0.1502824858757062,20.0,0.6378235190735193,0.2968731719753195,3.093785310734463,0.5247823506133755,20.0,20.0,20.0,17.97395212922542,20.0,0.0,2.0260478707745797,20.0,17.97395212922542,18.986976064612712,10.0,5.0,-126.8298521739248,0.0,50.0,800.0,0.7,0.8,5.0,100.0,10.0,0.01,132.307092902887,1139.408633360554,0.7452514293105742,0.7579099210729282,8.606748415886795,138.08892642747992,37.37126874227064,0.0171094783852846,0.0,0.0,-5.437954451780945,0.0,-0.5611475567277879,1.1607037835682184,60,363.23002409935,True,
60,1,20212,256,0.1446327683615819,20.0,0.6732004107004106,0.2526934469616363,3.3824858757062146,0.6073074340820312,5.045196575868709,15.5440589626121,8.003499735075398,16.837619743321774,5.8951118354594705,6.751185283634861,3.228754725147529,8.833854395615537,10.304438832115338,9.569146613865438,5.207025583276793,495.0590598524787,40.65822979669798,0.047980706678149,50.0,800.0,0.7,0.8,5.0,100.0,10.0,0.01,30.0,300.0,0.7033478671595633,0.9285622042306412,4.241754988029338,259.6824566743521,2.0,0.02,0.6981594565566749,0.6501787498785259,-5.081987286563763,0.047980706678149,-0.4673816784586897,1.08527404783989,60,939.1297011375428,True,
60,2,43136,291,0.1644067796610169,20.0,0.6455122872769934,0.3657902343813293,2.9847457627118645,0.4613844900272789,14.262765718504625,16.30517005153144,12.326620740986131,14.350189094019823,6.787258115080835,0.005662920283834,2.7514737720362,17.932014573115833,15.376929779714589,16.65447217641521,1.9179100529709396,4421.977788025266,162.55279419126066,0.0197183055199898,50.0,800.0,0.7,0.8,5.0,100.0,10.0,0.01,77.00705996753688,1277.7491240914142,0.7283206368454618,0.9930663337686276,7.411622883654224,178.92385334303842,34.985841523895324,0.0011058591227448,0.0,-0.0197183055199898,-4.947855036658969,0.0197183055199898,-0.4068477345505928,0.6751153946362722,60,1628.425939798355,True,
60,3,26290,290,0.1638418079096045,20.0,0.6955703882174471,0.1836760891046134,3.248587570621469,0.5204042806183116,17.06816627395571,8.941475882341084,17.741300171763775,4.849481703073961,6.9151619874817225,18.588300963883043,4.146989945434435,14.005167981678271,17.491724405167965,15.748446193423115,7.350680640271374,125.0738854718189,100.04974673966508,0.002806533433094,50.0,800.0,0.7,0.8,5.0,100.0,10.0,0.01,57.196778461351265,996.1460977946044,0.5865862433174609,0.8017405405696378,1.6880834898549884,299.98544538808426,34.46999687119569,0.0162766953615602,0.0029402399734623,0.0001337065403683,-5.338550969188617,0.002806533433094,-0.7032576311896688,1.0745150390254474,60,638.8657500743866,True,
60,4,26069,313,0.1768361581920904,20.0,0.6223862045533873,0.3214296453038201,2.796045197740113,0.425180414212659,4.609503851444598,2.631917783196722,18.29475473848681,1.4774208214165443,16.427504330943904,15.562770115955267,13.733861622866648,17.51776462294927,14.208578001813963,15.863171312381615,9.60375790446962,1442.1032460680822,-145.38643589279903,0.0027585144687376,50.0,800.0,0.7,0.8,5.0,100.0,10.0,0.01,75.84538491872695,1178.6417996565945,0.5604213568942069,0.8153270362217919,5.481316132056989,149.3906172544726,31.413968691912505,0.0083902208324109,0.0044424577602146,0.001683943291477,-5.297994527490398,0.0027585144687376,-0.8629298540739927,1.3354307684004008,60,1162.8368759155271,True,
60,5,64788,309,0.1745762711864406,20.0,0.7199300425809718,0.129403918911328,3.1033898305084744,0.4981305181135513,12.607031153312995,9.840286260568137,19.16412767467172,7.482184007049141,1.8335618221727337,14.021615302851846,6.968225098865998,11.55643344587183,18.52330085163894,15.039867148755384,2.375056865692482,4567.171776670869,152.52285653270997,0.020904567483762,50.0,800.0,0.7,0.8,5.0,100.0,10.0,0.01,144.03745617517015,1026.881697162391,0.6606619245912344,0.9682531754613716,6.787581449203834,244.8912785498389,4.540214618440184,0.0091289122811727,0.8939602691603743,0.8730557016766123,-5.007089872984176,0.020904567483762,-0.5958523042470617,0.9696913792612524,60,1769.9183948040009,True,
60,6,78208,241,0.1361581920903954,20.0,0.6624920449920448,0.5089423586425695,2.972077922077922,0.5029441641845009,18.181386043403887,9.662491596515094,0.8033617065420615,2.4649608335217525,1.3550741604878769,20.0,18.809576787817353,19.74813539484884,17.5437164022269,18.645925898537868,0.5,258.7514863530762,-82.02519007022215,0.0075262918848972,50.0,800.0,0.7,0.8,5.0,100.0,10.0,0.01,62.72516593622592,948.8152292753012,0.6409073225768358,0.7353282948168985,9.03365442473746,154.8968826596285,3.0737846251323933,0.0085864915587767,0.2774207918131951,0.2698944999282978,-5.448640830387811,0.0075262918848972,-0.6441564152240168,1.2318506066440216,60,870.0797979831696,True,
60,7,65213,252,0.1423728813559322,20.0,0.6741348003848007,0.2131034165196961,3.531073446327684,0.5512959813555051,12.608632586597274,0.0,17.84211619390669,15.950223200994705,6.324673452929321,20.0,16.786869000189586,20.963972485996276,12.208692780697444,16.58633263334686,9.237208856052114,319.16952397980606,-73.99787782757201,0.0158469145572022,50.0,800.0,0.7,0.8,5.0,100.0,10.0,0.01,58.80751028288623,920.0187656364568,0.5053622091752625,0.8021760851246456,3.576954059817114,184.22134686084777,40.355144134361325,0.0178962227620217,0.0346358722679274,0.0187889577107251,-5.193626590505176,0.0158469145572022,-0.5311211831877592,1.0171576163506373,60,643.8063588142395,True,
60,8,33824,291,0.1644067796610169,20.0,0.6387630969248617,0.493771421128904,2.917514124293785,0.5134918104415394,15.911461235874588,16.540950895706143,17.497823542402347,13.162145084244582,2.927268597599031,7.883751225599644,3.732676530204363,15.605651687640002,15.497177585822296,15.551414636731147,1.8778142414133137,3697.388254059821,-184.60334778093983,0.1092733805740264,50.0,800.0,0.7,0.8,5.0,100.0,10.0,0.01,47.311916483288975,846.3166440507775,0.625328715387987,0.9050250789708376,9.171445857985807,217.55255019959463,33.725727067189446,0.0073528351425137,0.0336620202977721,-0.0756113602762543,-5.28197656049968,0.1092733805740264,-0.5926878141942239,1.2758007702864884,60,983.9348940849304,True,
60,9,81116,274,0.1548022598870056,20.0,0.6601340326340324,0.5307583304785392,2.9338983050847456,0.5242221215834622,15.919212366457367,4.447392832481173,9.214706837113935,5.213775018536179,16.648200730900673,16.265604199019453,6.748165383872796,11.840673289119517,13.31915011190828,12.579911700513897,1.518684916957853,2174.049666481512,-116.57813612615266,0.0173156945666403,50.0,800.0,0.7,0.8,5.0,100.0,10.0,0.01,75.4629997583753,971.626460888476,0.545092111799831,0.776066461949194,5.271515355949045,219.84305710880187,17.32825702556672,0.0101086608911004,0.0187425210455796,0.0014268264789392,-5.11761180020843,0.0173156945666403,-0.6620252589236145,1.2102313702118193,60,11947.376545906069,True,
80,0,36684,474,0.15,20.0,0.6710385280354321,0.4271899479149604,3.0401898734177215,0.5088861293596111,15.761121599479416,6.083049387673327,8.479265781920478,3.4348827373571833,6.191881745121512,9.107979822732895,7.748432793511443,10.035963109098269,6.1168747144192155,8.076418911758742,6.28313581974059,216.45684483957737,-10.002478316275642,0.0077667279200968,50.0,800.0,0.7,0.8,5.0,100.0,10.0,0.01,55.40360692453864,853.7396965779819,0.5485041739485972,0.7796389185425175,7.977043785598284,182.67872567303095,23.58528056311537,0.0128854478587735,0.0085285339073957,0.0007618059872989,-5.105733145747406,0.0077667279200968,-0.5166673749340231,1.227797583095435,60,3566.827535867691,True,
80,1,64281,516,0.1632911392405063,20.0,0.6879427264463522,0.3303681091669566,3.0854430379746836,0.5159921278769305,4.183288490743629,17.185486137755113,14.140132937383171,2.8244979978354454,18.54876494935875,12.620357911495889,17.47503166490665,15.073397414160285,10.74220217949166,12.907799796825971,6.708799558051972,1011.2272857872476,-42.77223445068631,0.000448621292981,50.0,800.0,0.7,0.8,5.0,100.0,10.0,0.01,82.48111524402846,884.1730295190389,0.5,0.8669679850773518,0.5,233.90159516490473,20.40301177056842,0.0051690360165682,0.0017915863238988,0.0013429650309177,-5.0793703539518456,0.000448621292981,-0.5774014435707279,1.0218650737605408,60,6640.55469417572,True,
80,2,15308,547,0.1731012658227848,20.0,0.6895203214771798,0.2732912883513062,3.242405063291139,0.4299452890788713,1.914913425854843,11.786785083538538,6.478715948184714,12.659661565111527,15.636685334237416,4.7082407047318195,4.646526317035957,15.439974573438043,12.128210790333425,13.784092681885737,5.4424923312877045,4070.285068810652,101.44011878822757,0.1014727754528961,50.0,800.0,0.7,0.8,5.0,100.0,10.0,0.01,90.8199422733408,952.794033916183,0.5,0.8419119773787129,10.0,170.00529424516782,9.166377673697962,0.02,0.0252257560667363,-0.0762470193861597,-7.913016911608496,0.1014727754528961,-0.590599450637685,1.2626786917081194,60,9860.283686876295,True,
80,3,71696,499,0.1579113924050633,20.0,0.7034957851530992,0.505975721676078,3.105379746835443,0.5237569327030815,14.027783304974058,10.143188820091243,19.174459799827886,15.049004697861982,4.737976363802144,9.649643754688986,7.11022562013811,9.302908133257514,15.41314869172771,12.358028412492612,1.955905326443247,3564.4182591317795,-74.34283455020025,0.1205652542461854,50.0,800.0,0.7,0.8,5.0,100.0,10.0,0.01,39.38361008804884,1147.9849577939913,0.5962542496556991,0.8276295582279996,8.840642816661497,106.56412112021512,18.44074190472489,0.0064050479558081,0.030167405390957,-0.0903978488552283,-0.9989236556711952,0.1205652542461854,-0.2255955868003293,0.2414585169206422,60,5967.901278018951,True,
80,4,5586,460,0.1455696202531645,20.0,0.689396749084249,0.4911375022785847,3.1462025316455695,0.5923534971644613,0.0,10.616415419835617,20.0,20.0,18.43923116713935,0.0,22.091891262929455,21.277065643592085,20.060807544803104,20.668936594197596,0.5,5.0,200.0,1.2045403563476498e-08,50.0,800.0,0.7,0.8,5.0,100.0,10.0,0.01,58.19033404559747,711.3571478395652,0.5523688279679323,0.9215537667841238,5.360386717418373,191.95193490051392,9.431424150471305,0.0111936295138249,1.867072252359492e-08,6.62531896011842e-09,-5.009626951168345,1.2045403563476498e-08,-0.3177419494322294,0.7304384313696658,60,806.2238881587982,True,
80,5,42043,542,0.1715189873417721,20.0,0.6483870018225668,0.7859185332428886,2.7462025316455696,0.4992970547786658,14.214228829733765,2.1837525186008646,16.14026443190709,8.192134025367638,3.934705625699841,16.390028524724617,6.309537342127086,17.535303683268197,14.703099673006736,16.119201678137465,4.15349550115031,2888.058706952867,-29.80933308271426,0.0198026251011109,50.0,800.0,0.7,0.8,5.0,100.0,10.0,0.01,30.0,887.3401023881776,0.5510172695321057,0.9366847063506696,0.8656010388762493,295.101790515076,15.037832631242363,0.0148673624262118,0.0193290215746686,-0.0004736035264423,-5.166829298407356,0.0198026251011109,-0.5169648059998705,1.1541952894553398,60,4897.162817001343,True,
80,6,94877,489,0.1547468354430379,20.0,0.6733916066733407,0.719170538628475,2.9335443037974684,0.5403038628978635,5.134291946503273,8.0732809645094,7.230482938994597,6.509476310842426,2.572656880364873,19.000616774381392,2.615244094120518,11.223575282136288,13.331314026468304,12.277444654302297,2.0556813031555787,4176.428559913439,-194.83921466371933,0.0168839492666601,50.0,800.0,0.7,0.8,5.0,100.0,10.0,0.01,30.44022038237923,689.825884256393,0.7627985840795377,0.929390931468685,0.8386637758772663,252.3999331696752,8.836107736833979,0.0186342658787133,0.5668303248524498,0.5499463755857896,-7.790183619308003,0.0168839492666601,-0.5201323324093329,1.3588445254631072,60,4121.641564130783,True,
80,7,5716,464,0.1468354430379747,20.0,0.6791794459625341,0.4776034182493964,3.079746835443038,0.5838078738109393,16.094689541573434,7.008363625483392,3.032827867008031,0.7995392690166958,5.278267652743997,17.656706003583224,14.462424772317211,15.17834568977744,17.00605980667898,16.09220274822821,8.64864773017353,218.46396113109137,-170.42908319327034,0.0125608032355848,50.0,800.0,0.7,0.8,5.0,100.0,10.0,0.01,30.600704295489155,709.0028224370385,0.5984907991431722,0.840332777556153,2.8043031786020953,288.69199714592673,22.70327103728798,0.0121589741163383,0.0089742221862372,-0.0035865810493476,-5.019114028392692,0.0125608032355848,-0.4939574790698479,0.9967566999223996,60,3208.278288125992,True,
80,8,64882,480,0.1518987341772152,20.0,0.7019523372009828,0.405913560113922,3.1787974683544302,0.5584375000000001,13.680947082520856,5.936818571082919,8.75654891386419,13.87748788617319,0.0680913466316779,0.0045236176179639,9.343657019341268,14.849308559695183,16.3691304745918,15.609219517143492,3.966300551310349,3027.762162791395,115.6289006361315,0.0145677316468797,50.0,800.0,0.7,0.8,5.0,100.0,10.0,0.01,63.70251229802521,701.278287880122,0.7282868848809654,0.9596960979633348,3.2908689550944694,291.30082780451283,36.693413766546435,0.0027635088257704,0.0,-0.0145677316468797,-5.318353097537905,0.0145677316468797,-0.3940402611658108,0.7561228810416364,60,3754.625069856644,True,
80,9,39143,469,0.1484177215189873,20.0,0.6949514739646319,0.4108913323018474,3.1199367088607595,0.535979105386864,19.129705261493772,6.746556482304383,5.4584393522089725,16.949559885241232,4.796182176281384,6.128699620949187,17.058862506120203,14.346833488106013,10.841107020337086,12.59397025422155,4.353864201436508,2432.289273883345,66.02656803095903,0.0031282741450742,50.0,800.0,0.7,0.8,5.0,100.0,10.0,0.01,123.5676428648513,1600.0,0.5,0.7733346534619452,10.0,50.0,10.96731322549552,0.0088482095480609,0.0121717907709939,0.0090435166259197,-5.049363219726493,0.0031282741450742,-0.2956571079150532,0.6623249176189341,60,5953.308052062988,True,
100,0,45868,797,0.161010101010101,20.0,0.7193718691216405,0.5295210800289556,3.0042424242424244,0.5591569074115764,10.225113542078446,20.0,4.364273124074464,10.562276374052896,20.0,0.0,11.10945892674658,22.260916541446765,18.86895961997948,20.56493808071312,1.0203869256331115,5.0,200.0,-1.803680436118782e-07,50.0,800.0,0.7,0.8,5.0,100.0,10.0,0.01,39.69757348951663,1480.707307380968,0.5198884188971984,0.7768610716644547,8.103535375798618,236.21555485632425,21.221423099468783,0.014417208728918,1.7211460701105352e-08,1.9757950431298354e-07,-5.010058694141458,-1.803680436118782e-07,-0.318753478036742,0.7358816742747621,60,2175.7103159427643,True,
100,1,44151,765,0.1545454545454545,20.0,0.6731831518700411,1.0558508923408598,2.840606060606061,0.5092545602118843,15.2288079440092,18.101126496256207,16.11955462030245,9.865312962977065,1.410200264234525,7.442999321074989,8.28384296062349,17.451349320034367,14.907471581462742,16.179410450748556,5.788249498517746,3099.694050957466,148.41666689219323,0.0141857905341025,50.0,800.0,0.7,0.8,5.0,100.0,10.0,0.01,33.61919906915738,940.304518045614,0.5091025692318357,0.9194855982216728,2.4218428589005017,259.73974413976055,13.385159498614325,0.0072565608879826,0.041113410594781,0.0269276200606785,-0.7680579312227813,0.0141857905341025,-0.1406464592094852,0.1701858196204404,60,10444.832817792892,True,
100,2,12737,730,0.1474747474747474,20.0,0.667935087216518,0.7261862191329576,2.995151515151515,0.553847813848752,0.902777330324181,20.0,17.141031813023417,6.416483283183427,14.973697193002405,0.0,21.170565298095777,24.45385012185019,6.772635903288616,15.613243012569404,8.37048341521237,5.0,155.5443101814538,-1.182336450966659e-10,50.0,800.0,0.7,0.8,5.0,100.0,10.0,0.01,32.29247404820133,1119.948388294123,0.7021980171850912,0.9747325498013868,2.03002780391717,263.300230580259,21.976681493164207,0.011405091392888,0.0,1.182336450966659e-10,-5.098810304328138,-1.182336450966659e-10,-0.6300956080384378,1.3790515302546689,60,18396.86960697174,True,
100,3,70801,878,0.1773737373737373,20.0,0.6621448315951209,1.2704303174834717,2.6485260770975056,0.4492997649451798,10.801413670424612,6.11681281289746,7.023706618798377,2.0381146054357253,2.073846177809863,17.53405827979628,5.559392919686299,14.370940414237593,16.26731043363401,15.319125423935802,5.312595206049904,4235.844298987363,-80.07463733425384,0.0498837326098631,50.0,800.0,0.7,0.8,5.0,100.0,10.0,0.01,102.08794659581162,897.718089092428,0.7133390835366711,0.9936621081620854,3.1037846488062417,246.18322650579972,7.981709842697826,0.0117662049243007,1.6217011805490935,1.5718174479392304,-5.004568354349995,0.0498837326098631,-0.5516773787411675,1.1401717864606102,60,38972.9180328846,True,
100,4,48245,836,0.1688888888888889,20.0,0.6792635105936509,0.8303084501794751,2.806868686868687,0.50102661912502,20.0,5.829622743188786,17.638962142874597,11.823614716475292,0.0,20.0,6.4422387054969015,24.5112135888934,19.44186878318035,21.976541186036876,2.952031764130625,3048.490343122776,-42.2595491115344,0.0166129633710896,50.0,800.0,0.7,0.8,5.0,100.0,10.0,0.01,150.0,300.0,0.5,1.0,10.0,300.0,2.0,0.02,1.8344630312390815,1.817850067867992,-5.0000000215067235,0.0166129633710896,-0.3158050916017099,0.8847573209791461,60,15966.323797941208,True,
100,5,52945,690,0.1393939393939394,20.0,0.6642806374239271,0.6826380344292862,3.083838383838384,0.5621424070573409,0.0905757438974814,15.68213065388044,2.228932451310685,2.6311968331293705,3.334288378592214,4.0015746179850264,13.224955311900418,12.12258474765885,1.7606098373013548,6.941597292480102,3.284054130629156,165.35025566174053,-167.39522532205075,0.0663905053172144,50.0,800.0,0.7,0.8,5.0,100.0,10.0,0.01,90.55894178343866,416.69690357114933,0.5,0.7165848446676022,3.554962712100213,252.20924154333363,11.347419059894651,0.0196285134444633,0.2597613762617639,0.1933708709445494,-1.088069630797921,0.0663905053172144,-0.2431842382550156,0.2713172817247866,60,10068.603750944138,True,
100,6,50497,730,0.1474747474747474,20.0,0.6737721221973608,0.7800462408393787,2.9416161616161616,0.4483252017264028,10.754180492200543,16.339611096944395,7.116741104581176,13.966059041241468,0.5435462479060293,20.0,4.343352928295876,10.846911938075852,8.922742522207196,9.884827230141523,10.0,5.0,-115.10001473058806,0.0,50.0,800.0,0.7,0.8,5.0,100.0,10.0,0.01,95.37416987745635,578.0562202223234,0.5127386296198181,0.8520316283169451,6.182432450290414,87.6316902304257,16.192995073101997,0.0024252403646601,0.0,0.0,-5.001686412024499,0.0,-0.6265194320884586,1.3721246173014197,60,5542.589156150818,True,
100,7,27971,858,0.1733333333333333,20.0,0.671622247299721,1.1067156988889817,2.6983838383838386,0.4229118783314587,19.613648213959173,2.406555786008686,3.9703220775225248,4.907977320429429,19.216685913199356,18.342048687648404,15.842056757371685,15.940436414553847,20.320577838963317,18.13050712675858,8.464617491492731,549.9487748909286,-13.52343218159433,0.0434874473959472,50.0,800.0,0.7,0.8,5.0,100.0,10.0,0.01,126.17091204154906,785.5545634724114,0.6414694013209546,0.7761328380220628,2.2863920610709,185.2580769571476,8.902646553645898,0.0129852238136581,0.1105170645004141,0.0670296171044668,-2.230238489791211,0.0434874473959472,-0.1801981646490579,0.3083563895164549,60,25536.661546945572,True,
100,8,25224,771,0.1557575757575757,20.0,0.6778284270482412,0.9688413689988916,2.842828282828283,0.5394606024819957,13.537096200638734,7.977484902741986,10.327864244580455,9.93733999385586,18.611922104051516,19.786230720678468,3.7603459582797183,12.853028271290068,12.8695867520273,12.861307511658683,2.278795469322623,4252.413285968535,42.801179569394776,0.0119796988799874,50.0,800.0,0.7,0.8,5.0,100.0,10.0,0.01,46.72284735713219,1270.984409517118,0.5303320310397621,0.7319380530327986,4.714386056438766,268.63563696007657,9.03731119921391,0.0023928065026456,0.0215934288081625,0.0096137299281751,-5.030344406050041,0.0119796988799874,-0.4032375490197707,0.947862954911574,60,29457.446031093597,True,
100,9,94563,784,0.1583838383838383,20.0,0.7017077738320368,0.5690950436704241,3.0096969696969698,0.5506006611828406,7.970322539010127,5.30178537612813,18.484962746084378,11.92523779539438,12.05996988647277,18.125892667824097,12.426897466162114,13.460421362481112,8.929090328417926,11.19475584544952,0.5,4206.042526441679,-67.70666399147572,0.6139344688363909,50.0,800.0,0.7,0.8,5.0,100.0,10.0,0.01,121.26198627874824,859.0184219992201,0.7194656500297135,0.7952128747258274,6.807308506704997,262.15377200102205,35.94765930409268,0.0062827863811731,0.0,-0.6139344688363909,-5.356106969748515,0.6139344688363909,-0.3631560175919364,0.930304845212981,60,19746.569113731384,True,
120,0,51251,1169,0.1637254901960784,20.0,0.6795806996542483,1.10146308940119,2.7528011204481793,0.4211919555731504,1.8736905857992676,20.0,0.7878931828411563,9.19294659630754,0.0,9.159674333032784,10.861462114767576,11.00106253855604,0.7885954039119125,5.894828971233976,10.0,5.0,-200.0,0.0,50.0,800.0,0.7,0.8,5.0,100.0,10.0,0.01,54.295796953671655,408.8687726668248,0.6692580790326474,0.8126357835906219,2.0993349698758204,236.27986519032004,43.656123376904105,0.0177338842684959,0.0,0.0,-5.007925676345666,0.0,-0.2355198552755405,0.6455947393189649,60,15797.36307001114,True,
120,1,23485,1187,0.1662464985994397,20.0,0.6752690834081594,1.2968265519066473,2.6992997198879554,0.3898691170636117,7.849095746820143,6.721568744838575,1.579701063916252,8.71582210443569,12.242743108299084,16.534184151193273,6.578932751768174,10.751351461563353,13.222225634682516,11.986788548122934,2.9771613631122045,3504.695811607226,51.42416652952605,0.038009856423006,50.0,800.0,0.7,0.8,5.0,100.0,10.0,0.01,109.50254642185652,1474.128443197396,0.5553523908595723,0.747887246446762,7.664230884812361,222.13618093959948,4.09749618399501,0.0160287225142543,0.1510166114948239,0.1130067550718179,-5.0082986157067975,0.038009856423006,-0.4753095742352086,1.1227653347753617,60,56703.49833273888,True,
120,2,80476,1097,0.153641456582633,20.0,0.663978306184637,1.2733502945825672,2.812605042016807,0.4563157662939199,11.178203775716396,5.6622453464811,15.820928808690416,9.311395274873831,3.2305118060204596,17.553456803909594,5.905183395263206,14.302682180991368,15.048261645437057,14.675471913214212,5.212254361590172,3221.367338310531,-54.93703100050797,0.0409351445010868,50.0,800.0,0.7,0.8,5.0,100.0,10.0,0.01,73.38699671073866,1017.2114157243244,0.5897051422759351,0.9648334140135288,1.1830935968975504,219.99736029355856,19.654684597143795,0.0085487865956226,0.0311128642787856,-0.0098222802223011,-5.145173323232603,0.0409351445010868,-0.282091385097065,0.6732637364216931,60,32335.942576885223,True,
120,3,42186,1274,0.1784313725490196,20.0,0.6658999565320205,1.2552380766296722,2.649439775910364,0.4320681841146071,14.506494314280122,20.0,17.73993327374938,10.430805567096195,8.506738802536145,3.676786212071757,10.100723221598086,17.39092793864413,11.43978398359372,14.415355961118925,7.713508256321743,3484.868327656693,46.38689501079401,0.0126270333970992,50.0,800.0,0.7,0.8,5.0,100.0,10.0,0.01,61.07398892042818,1139.1765064398355,0.6359953720265754,0.8982577602703564,2.3759636137404763,193.79217667483744,12.997305807679073,0.0134276789985495,0.0027417543452952,-0.009885279051804,-5.023002256735433,0.0126270333970992,-0.4923402182503287,1.02921769813689,60,36602.73688578606,True,
120,4,28726,1137,0.1592436974789915,20.0,0.6895785103147429,1.0626185991253965,2.811064425770308,0.4646649942874558,18.84930301348878,8.148862934869573,15.843724105310663,18.144401620562608,11.20242212724582,10.43210360134861,10.4376385351511,7.980474624322261,9.001179077696477,8.49082685100937,2.309956317774753,5.0,-91.9099686277986,-3.6124759863476186e-06,50.0,800.0,0.7,0.8,5.0,100.0,10.0,0.01,43.44614572087067,1262.2977580136762,0.7065213774516081,0.7478387478737665,2.364010097717201,196.0351005776116,39.37451124952452,0.0002945537133674,8.487896829834085e-09,3.6209638831774527e-06,-5.123280990534703,-3.6124759863476186e-06,-0.272337782053056,0.6593369710616596,60,4103.42055606842,True,
120,5,12720,1139,0.1595238095238095,20.0,0.6787206903901606,1.1356728114140957,2.809943977591036,0.5025452451629164,15.81238905733498,0.3354555932814489,15.434743202424452,3.2216117315646065,8.90221685616204,15.058384337298722,2.910758259677476,16.263920519089897,13.51972951595076,14.891825017520327,4.650277978150805,3218.346221609156,-118.82864841852565,0.0958248556262375,50.0,800.0,0.7,0.8,5.0,100.0,10.0,0.01,66.2337331088008,523.7022999658662,0.7167690657842721,0.9261738926532728,4.6296209534298685,133.41589338065685,21.93622830244088,0.0037343552180936,0.0778174864530545,-0.018007369173183,-5.153720135197453,0.0958248556262375,-0.2881921309785508,0.670874443954544,60,71875.22540402412,True,
120,6,51895,1149,0.16092436974789917,20.0,0.666073010470033,1.318291375342251,2.750280112044818,0.4615831225699723,0.47794444009341897,4.67567531339404,8.351875748611297,3.9639001156735025,19.04904824456003,13.044077148233411,7.906036818997757,20.369488108089932,14.0313618138337,17.200424960961815,8.303076937279169,2773.1575172496105,-57.92059049077406,0.01980844425476147,50.0,800.0,0.7,0.8,5.0,100.0,10.0,0.01,66.38896587738978,1353.6267035884914,0.624146163569236,0.7201412003324658,3.8546758416652223,124.59480967889728,16.8789563389309,0.011135478874240684,0.0013600624918570503,-0.01844838176290442,-5.083342797627871,0.01980844425476147,-0.4106830523731835,0.998163109494127,60,15098.88802599907,True,
120,7,22964,1090,0.15266106442577032,20.0,0.6565239740432915,1.2689687366588216,2.839775910364146,0.4628562410571501,1.8272469202888968,14.250240486417965,3.672773338496884,12.856517268045913,17.089500617610323,7.315587868327604,2.312667760343659,16.76382399260351,14.515869574185674,15.639846783394592,2.647668502773893,3304.322671574341,-106.73093751139866,0.030945638012144006,50.0,800.0,0.7,0.8,5.0,100.0,10.0,0.01,46.227414394801485,861.3499360351263,0.5476758804773493,0.7015917679855895,7.871034431023299,220.70164729682213,4.569293519830858,0.0011023953860633132,0.02857672379076659,-0.002368914221377416,-5.000002164975476,0.030945638012144006,-0.3061931314257105,0.8853072322486173,60,14395.46308684349,True,
120,8,61483,1105,0.15476190476190477,20.0,0.663118678959466,1.17210408994434,2.861904761904762,0.4962539669539936,9.30300354120775,0.0,0.0,0.0,0.0,20.0,9.30300354120775,22.057784904376142,20.0,21.02889245218807,1.0483927763850889,5.000000000000334,-200.0,0.0,50.0,800.0,0.7,0.8,5.0,100.0,10.0,0.01,44.47163751354053,760.4695777158518,0.6013594828855701,0.7502385398022443,9.463555160442667,204.4728777779903,9.097385522420335,0.001065447118374951,0.0,0.0,-5.021419334408581,0.0,-0.5098291045360225,1.1553637551227731,60,3044.8180899620056,True,
120,9,4069,1193,0.16708683473389355,20.0,0.6700465959104863,1.124597011130744,2.734733893557423,0.49170419230928675,1.295408656536304,6.7310503235657375,5.968381115190072,6.347237544941437,14.43219688182257,12.911113118235969,4.688708121473541,14.517864203183851,10.710772141782753,12.614318172483301,9.143970551013851,4587.195645056242,147.93244813589178,0.03829630251183924,50.0,800.0,0.7,0.8,5.0,100.0,10.0,0.01,150.0,1600.0,0.630006895201157,0.8579723487460327,6.711092470841148,300.0,4.297064504115797,0.02,0.004589892805246798,-0.033706409706592444,-5.216630243855809,0.03829630251183924,-0.38851963888364544,0.8183175057205397,60,43021.068100214005,True,
