specimen_idx,specimen_seed,num_nodes,perturbed_param,perturbation_pct,direction,xor_accuracy_twin,xor_accuracy_specimen,accuracy_drop,baseline_accuracy,baseline_xor_score
0,121958,30,none,0.0,none,0.5,0.75,0.0,0.75,0.000537880028317006
0,121958,30,tau_v,5.0,up,0.5,0.75,0.0,0.75,0.000537880028317006
0,121958,30,tau_v,-5.0,down,0.5,0.75,0.0,0.75,0.000537880028317006
0,121958,30,tau_v,10.0,up,0.5,0.75,0.0,0.75,0.000537880028317006
0,121958,30,tau_v,-10.0,down,0.5,0.75,0.0,0.75,0.000537880028317006
0,121958,30,tau_v,20.0,up,0.5,0.75,0.0,0.75,0.000537880028317006
0,121958,30,tau_v,-20.0,down,0.5,0.75,0.0,0.75,0.000537880028317006
0,121958,30,tau_v,30.0,up,0.5,0.75,0.0,0.75,0.000537880028317006
0,121958,30,tau_v,-30.0,down,0.5,0.75,0.0,0.75,0.000537880028317006
0,121958,30,tau_w,5.0,up,0.5,0.75,0.0,0.75,0.000537880028317006
0,121958,30,tau_w,-5.0,down,0.5,0.75,0.0,0.75,0.000537880028317006
0,121958,30,tau_w,10.0,up,0.5,0.75,0.0,0.75,0.000537880028317006
0,121958,30,tau_w,-10.0,down,0.5,0.75,0.0,0.75,0.000537880028317006
0,121958,30,tau_w,20.0,up,0.5,0.75,0.0,0.75,0.000537880028317006
0,121958,30,tau_w,-20.0,down,0.5,0.75,0.0,0.75,0.000537880028317006
0,121958,30,tau_w,30.0,up,0.5,0.75,0.0,0.75,0.000537880028317006
0,121958,30,tau_w,-30.0,down,0.5,0.75,0.0,0.75,0.000537880028317006
0,121958,30,a,5.0,up,0.5,0.75,0.0,0.75,0.000537880028317006
0,121958,30,a,-5.0,down,0.75,0.75,0.0,0.75,0.000537880028317006
0,121958,30,a,10.0,up,0.5,0.75,0.0,0.75,0.000537880028317006
0,121958,30,a,-10.0,down,0.75,0.75,0.0,0.75,0.000537880028317006
0,121958,30,a,20.0,up,0.5,0.75,0.0,0.75,0.000537880028317006
0,121958,30,a,-20.0,down,0.75,0.75,0.0,0.75,0.000537880028317006
0,121958,30,a,30.0,up,0.5,0.75,0.0,0.75,0.000537880028317006
0,121958,30,a,-30.0,down,0.75,0.75,0.0,0.75,0.000537880028317006
0,121958,30,b,5.0,up,0.5,0.75,0.0,0.75,0.000537880028317006
0,121958,30,b,-5.0,down,0.75,0.75,0.0,0.75,0.000537880028317006
0,121958,30,b,10.0,up,0.5,0.75,0.0,0.75,0.000537880028317006
0,121958,30,b,-10.0,down,0.75,0.75,0.0,0.75,0.000537880028317006
0,121958,30,b,20.0,up,0.5,0.75,0.0,0.75,0.000537880028317006
0,121958,30,b,-20.0,down,0.25,0.75,0.0,0.75,0.000537880028317006
0,121958,30,b,30.0,up,0.5,0.75,0.0,0.75,0.000537880028317006
0,121958,30,b,-30.0,down,0.25,0.75,0.0,0.75,0.000537880028317006
0,121958,30,v_scale,5.0,up,0.5,0.75,0.0,0.75,0.000537880028317006
0,121958,30,v_scale,-5.0,down,0.5,0.75,0.0,0.75,0.000537880028317006
0,121958,30,v_scale,10.0,up,0.5,0.75,0.0,0.75,0.000537880028317006
0,121958,30,v_scale,-10.0,down,0.5,0.75,0.0,0.75,0.000537880028317006
0,121958,30,v_scale,20.0,up,0.5,0.75,0.0,0.75,0.000537880028317006
0,121958,30,v_scale,-20.0,down,0.5,0.75,0.0,0.75,0.000537880028317006
0,121958,30,v_scale,30.0,up,0.5,0.75,0.0,0.75,0.000537880028317006
0,121958,30,v_scale,-30.0,down,0.5,0.75,0.0,0.75,0.000537880028317006
0,121958,30,R_off,5.0,up,0.5,0.75,0.0,0.75,0.000537880028317006
0,121958,30,R_off,-5.0,down,0.5,0.75,0.0,0.75,0.000537880028317006
0,121958,30,R_off,10.0,up,0.5,0.75,0.0,0.75,0.000537880028317006
0,121958,30,R_off,-10.0,down,0.5,0.75,0.0,0.75,0.000537880028317006
0,121958,30,R_off,20.0,up,0.5,0.75,0.0,0.75,0.000537880028317006
0,121958,30,R_off,-20.0,down,0.5,0.75,0.0,0.75,0.000537880028317006
0,121958,30,R_off,30.0,up,0.5,0.75,0.0,0.75,0.000537880028317006
0,121958,30,R_off,-30.0,down,0.5,0.75,0.0,0.75,0.000537880028317006
0,121958,30,R_on,5.0,up,0.5,0.75,0.0,0.75,0.000537880028317006
0,121958,30,R_on,-5.0,down,0.5,0.75,0.0,0.75,0.000537880028317006
0,121958,30,R_on,10.0,up,0.5,0.75,0.0,0.75,0.000537880028317006
0,121958,30,R_on,-10.0,down,0.5,0.75,0.0,0.75,0.000537880028317006
0,121958,30,R_on,20.0,up,0.5,0.75,0.0,0.75,0.000537880028317006
0,121958,30,R_on,-20.0,down,0.5,0.75,0.0,0.75,0.000537880028317006
0,121958,30,R_on,30.0,up,0.5,0.75,0.0,0.75,0.000537880028317006
0,121958,30,R_on,-30.0,down,0.5,0.75,0.0,0.75,0.000537880028317006
0,121958,30,alpha,5.0,up,0.5,0.75,0.0,0.75,0.000537880028317006
0,121958,30,alpha,-5.0,down,0.5,0.75,0.0,0.75,0.000537880028317006
0,121958,30,alpha,10.0,up,0.5,0.75,0.0,0.75,0.000537880028317006
0,121958,30,alpha,-10.0,down,0.5,0.75,0.0,0.75,0.000537880028317006
0,121958,30,alpha,20.0,up,0.5,0.75,0.0,0.75,0.000537880028317006
0,121958,30,alpha,-20.0,down,0.5,0.75,0.0,0.75,0.000537880028317006
0,121958,30,alpha,30.0,up,0.5,0.75,0.0,0.75,0.000537880028317006
0,121958,30,alpha,-30.0,down,0.5,0.75,0.0,0.75,0.000537880028317006
1,671155,80,none,0.0,none,0.5,0.5,0.0,0.5,0.0
1,671155,80,tau_v,5.0,up,0.5,0.5,0.0,0.5,0.0
1,671155,80,tau_v,-5.0,down,0.5,0.5,0.0,0.5,0.0
1,671155,80,tau_v,10.0,up,0.5,0.5,0.0,0.5,0.0
1,671155,80,tau_v,-10.0,down,0.5,0.5,0.0,0.5,0.0
1,671155,80,tau_v,20.0,up,0.5,0.5,0.0,0.5,0.0
1,671155,80,tau_v,-20.0,down,0.5,0.5,0.0,0.5,0.0
1,671155,80,tau_v,30.0,up,0.5,0.5,0.0,0.5,0.0
1,671155,80,tau_v,-30.0,down,0.5,0.5,0.0,0.5,0.0
1,671155,80,tau_w,5.0,up,0.5,0.5,0.0,0.5,0.0
1,671155,80,tau_w,-5.0,down,0.5,0.5,0.0,0.5,0.0
1,671155,80,tau_w,10.0,up,0.5,0.5,0.0,0.5,0.0
1,671155,80,tau_w,-10.0,down,0.5,0.5,0.0,0.5,0.0
1,671155,80,tau_w,20.0,up,0.5,0.5,0.0,0.5,0.0
1,671155,80,tau_w,-20.0,down,0.5,0.5,0.0,0.5,0.0
1,671155,80,tau_w,30.0,up,0.5,0.5,0.0,0.5,0.0
1,671155,80,tau_w,-30.0,down,0.5,0.5,0.0,0.5,0.0
1,671155,80,a,5.0,up,0.5,0.5,0.0,0.5,0.0
1,671155,80,a,-5.0,down,0.5,0.5,0.0,0.5,0.0
1,671155,80,a,10.0,up,0.5,0.5,0.0,0.5,0.0
1,671155,80,a,-10.0,down,0.5,0.5,0.0,0.5,0.0
1,671155,80,a,20.0,up,0.5,0.5,0.0,0.5,0.0
1,671155,80,a,-20.0,down,0.5,0.5,0.0,0.5,0.0
1,671155,80,a,30.0,up,0.5,0.5,0.0,0.5,0.0
1,671155,80,a,-30.0,down,0.5,0.5,0.0,0.5,0.0
1,671155,80,b,5.0,up,0.5,0.5,0.0,0.5,0.0
1,671155,80,b,-5.0,down,0.5,0.5,0.0,0.5,0.0
1,671155,80,b,10.0,up,0.5,0.5,0.0,0.5,0.0
1,671155,80,b,-10.0,down,0.5,0.5,0.0,0.5,0.0
1,671155,80,b,20.0,up,0.5,0.5,0.0,0.5,0.0
1,671155,80,b,-20.0,down,0.5,0.5,0.0,0.5,0.0
1,671155,80,b,30.0,up,0.5,0.5,0.0,0.5,0.0
1,671155,80,b,-30.0,down,0.5,0.5,0.0,0.5,0.0
1,671155,80,v_scale,5.0,up,0.5,0.5,0.0,0.5,0.0
1,671155,80,v_scale,-5.0,down,0.5,0.5,0.0,0.5,0.0
1,671155,80,v_scale,10.0,up,0.5,0.5,0.0,0.5,0.0
1,671155,80,v_scale,-10.0,down,0.5,0.5,0.0,0.5,0.0
1,671155,80,v_scale,20.0,up,0.5,0.5,0.0,0.5,0.0
1,671155,80,v_scale,-20.0,down,0.5,0.5,0.0,0.5,0.0
1,671155,80,v_scale,30.0,up,0.5,0.5,0.0,0.5,0.0
1,671155,80,v_scale,-30.0,down,0.5,0.5,0.0,0.5,0.0
1,671155,80,R_off,5.0,up,0.5,0.5,0.0,0.5,0.0
1,671155,80,R_off,-5.0,down,0.5,0.5,0.0,0.5,0.0
1,671155,80,R_off,10.0,up,0.5,0.5,0.0,0.5,0.0
1,671155,80,R_off,-10.0,down,0.5,0.5,0.0,0.5,0.0
1,671155,80,R_off,20.0,up,0.5,0.5,0.0,0.5,0.0
1,671155,80,R_off,-20.0,down,0.5,0.5,0.0,0.5,0.0
1,671155,80,R_off,30.0,up,0.5,0.5,0.0,0.5,0.0
1,671155,80,R_off,-30.0,down,0.5,0.5,0.0,0.5,0.0
1,671155,80,R_on,5.0,up,0.5,0.5,0.0,0.5,0.0
1,671155,80,R_on,-5.0,down,0.5,0.5,0.0,0.5,0.0
1,671155,80,R_on,10.0,up,0.5,0.5,0.0,0.5,0.0
1,671155,80,R_on,-10.0,down,0.5,0.5,0.0,0.5,0.0
1,671155,80,R_on,20.0,up,0.5,0.5,0.0,0.5,0.0
1,671155,80,R_on,-20.0,down,0.5,0.5,0.0,0.5,0.0
1,671155,80,R_on,30.0,up,0.5,0.5,0.0,0.5,0.0
1,671155,80,R_on,-30.0,down,0.5,0.5,0.0,0.5,0.0
1,671155,80,alpha,5.0,up,0.5,0.5,0.0,0.5,0.0
1,671155,80,alpha,-5.0,down,0.5,0.5,0.0,0.5,0.0
1,671155,80,alpha,10.0,up,0.5,0.5,0.0,0.5,0.0
1,671155,80,alpha,-10.0,down,0.5,0.5,0.0,0.5,0.0
1,671155,80,alpha,20.0,up,0.5,0.5,0.0,0.5,0.0
1,671155,80,alpha,-20.0,down,0.5,0.5,0.0,0.5,0.0
1,671155,80,alpha,30.0,up,0.5,0.5,0.0,0.5,0.0
1,671155,80,alpha,-30.0,down,0.5,0.5,0.0,0.5,0.0
2,131932,80,none,0.0,none,0.75,0.75,0.0,0.75,0.0026150947331622376
2,131932,80,tau_v,5.0,up,0.75,0.75,0.0,0.75,0.0026150947331622376
2,131932,80,tau_v,-5.0,down,0.75,0.75,0.0,0.75,0.0026150947331622376
2,131932,80,tau_v,10.0,up,0.75,0.75,0.0,0.75,0.0026150947331622376
2,131932,80,tau_v,-10.0,down,0.75,0.75,0.0,0.75,0.0026150947331622376
2,131932,80,tau_v,20.0,up,0.75,0.75,0.0,0.75,0.0026150947331622376
2,131932,80,tau_v,-20.0,down,0.75,0.75,0.0,0.75,0.0026150947331622376
2,131932,80,tau_v,30.0,up,0.75,0.75,0.0,0.75,0.0026150947331622376
2,131932,80,tau_v,-30.0,down,0.75,0.75,0.0,0.75,0.0026150947331622376
2,131932,80,tau_w,5.0,up,0.75,0.75,0.0,0.75,0.0026150947331622376
2,131932,80,tau_w,-5.0,down,0.75,0.75,0.0,0.75,0.0026150947331622376
2,131932,80,tau_w,10.0,up,0.75,0.75,0.0,0.75,0.0026150947331622376
2,131932,80,tau_w,-10.0,down,0.75,0.75,0.0,0.75,0.0026150947331622376
2,131932,80,tau_w,20.0,up,0.75,0.75,0.0,0.75,0.0026150947331622376
2,131932,80,tau_w,-20.0,down,0.75,0.75,0.0,0.75,0.0026150947331622376
2,131932,80,tau_w,30.0,up,0.75,0.75,0.0,0.75,0.0026150947331622376
2,131932,80,tau_w,-30.0,down,0.75,0.75,0.0,0.75,0.0026150947331622376
2,131932,80,a,5.0,up,0.75,0.75,0.0,0.75,0.0026150947331622376
2,131932,80,a,-5.0,down,0.75,0.75,0.0,0.75,0.0026150947331622376
2,131932,80,a,10.0,up,0.75,0.75,0.0,0.75,0.0026150947331622376
2,131932,80,a,-10.0,down,0.75,0.75,0.0,0.75,0.0026150947331622376
2,131932,80,a,20.0,up,0.75,0.75,0.0,0.75,0.0026150947331622376
2,131932,80,a,-20.0,down,0.75,0.75,0.0,0.75,0.0026150947331622376
2,131932,80,a,30.0,up,0.75,0.75,0.0,0.75,0.0026150947331622376
2,131932,80,a,-30.0,down,0.75,0.75,0.0,0.75,0.0026150947331622376
2,131932,80,b,5.0,up,0.75,0.75,0.0,0.75,0.0026150947331622376
2,131932,80,b,-5.0,down,0.75,0.75,0.0,0.75,0.0026150947331622376
2,131932,80,b,10.0,up,0.75,0.75,0.0,0.75,0.0026150947331622376
2,131932,80,b,-10.0,down,0.75,0.75,0.0,0.75,0.0026150947331622376
2,131932,80,b,20.0,up,0.75,0.75,0.0,0.75,0.0026150947331622376
2,131932,80,b,-20.0,down,0.75,0.75,0.0,0.75,0.0026150947331622376
2,131932,80,b,30.0,up,0.75,0.75,0.0,0.75,0.0026150947331622376
2,131932,80,b,-30.0,down,0.75,0.75,0.0,0.75,0.0026150947331622376
2,131932,80,v_scale,5.0,up,0.75,0.75,0.0,0.75,0.0026150947331622376
2,131932,80,v_scale,-5.0,down,0.75,0.75,0.0,0.75,0.0026150947331622376
2,131932,80,v_scale,10.0,up,0.75,0.75,0.0,0.75,0.0026150947331622376
2,131932,80,v_scale,-10.0,down,0.75,0.75,0.0,0.75,0.0026150947331622376
2,131932,80,v_scale,20.0,up,0.75,0.75,0.0,0.75,0.0026150947331622376
2,131932,80,v_scale,-20.0,down,0.75,0.75,0.0,0.75,0.0026150947331622376
2,131932,80,v_scale,30.0,up,0.75,0.75,0.0,0.75,0.0026150947331622376
2,131932,80,v_scale,-30.0,down,0.75,0.75,0.0,0.75,0.0026150947331622376
2,131932,80,R_off,5.0,up,0.75,0.75,0.0,0.75,0.0026150947331622376
2,131932,80,R_off,-5.0,down,0.75,0.75,0.0,0.75,0.0026150947331622376
2,131932,80,R_off,10.0,up,0.75,0.75,0.0,0.75,0.0026150947331622376
2,131932,80,R_off,-10.0,down,0.75,0.75,0.0,0.75,0.0026150947331622376
2,131932,80,R_off,20.0,up,0.75,0.75,0.0,0.75,0.0026150947331622376
2,131932,80,R_off,-20.0,down,0.75,0.75,0.0,0.75,0.0026150947331622376
2,131932,80,R_off,30.0,up,0.75,0.75,0.0,0.75,0.0026150947331622376
2,131932,80,R_off,-30.0,down,0.75,0.75,0.0,0.75,0.0026150947331622376
2,131932,80,R_on,5.0,up,0.75,0.75,0.0,0.75,0.0026150947331622376
2,131932,80,R_on,-5.0,down,0.75,0.75,0.0,0.75,0.0026150947331622376
2,131932,80,R_on,10.0,up,0.75,0.75,0.0,0.75,0.0026150947331622376
2,131932,80,R_on,-10.0,down,0.75,0.75,0.0,0.75,0.0026150947331622376
2,131932,80,R_on,20.0,up,0.75,0.75,0.0,0.75,0.0026150947331622376
2,131932,80,R_on,-20.0,down,0.75,0.75,0.0,0.75,0.0026150947331622376
2,131932,80,R_on,30.0,up,0.75,0.75,0.0,0.75,0.0026150947331622376
2,131932,80,R_on,-30.0,down,0.75,0.75,0.0,0.75,0.0026150947331622376
2,131932,80,alpha,5.0,up,0.75,0.75,0.0,0.75,0.0026150947331622376
2,131932,80,alpha,-5.0,down,0.75,0.75,0.0,0.75,0.0026150947331622376
2,131932,80,alpha,10.0,up,0.75,0.75,0.0,0.75,0.0026150947331622376
2,131932,80,alpha,-10.0,down,0.75,0.75,0.0,0.75,0.0026150947331622376
2,131932,80,alpha,20.0,up,0.75,0.75,0.0,0.75,0.0026150947331622376
2,131932,80,alpha,-20.0,down,0.75,0.75,0.0,0.75,0.0026150947331622376
2,131932,80,alpha,30.0,up,0.75,0.75,0.0,0.75,0.0026150947331622376
2,131932,80,alpha,-30.0,down,0.75,0.75,0.0,0.75,0.0026150947331622376
3,365838,80,none,0.0,none,0.5,0.5,0.0,0.5,0.0
3,365838,80,tau_v,5.0,up,0.5,0.5,0.0,0.5,0.0
3,365838,80,tau_v,-5.0,down,0.5,0.5,0.0,0.5,0.0
3,365838,80,tau_v,10.0,up,0.25,0.5,0.0,0.5,0.0
3,365838,80,tau_v,-10.0,down,0.5,0.5,0.0,0.5,0.0
3,365838,80,tau_v,20.0,up,0.75,0.5,0.0,0.5,0.0
3,365838,80,tau_v,-20.0,down,0.5,0.5,0.0,0.5,0.0
3,365838,80,tau_v,30.0,up,0.75,0.5,0.0,0.5,0.0
3,365838,80,tau_v,-30.0,down,0.25,0.5,0.0,0.5,0.0
3,365838,80,tau_w,5.0,up,0.5,0.5,0.0,0.5,0.0
3,365838,80,tau_w,-5.0,down,0.5,0.5,0.0,0.5,0.0
3,365838,80,tau_w,10.0,up,0.5,0.5,0.0,0.5,0.0
3,365838,80,tau_w,-10.0,down,0.25,0.5,0.0,0.5,0.0
3,365838,80,tau_w,20.0,up,0.25,0.5,0.0,0.5,0.0
3,365838,80,tau_w,-20.0,down,0.5,0.5,0.0,0.5,0.0
3,365838,80,tau_w,30.0,up,0.5,0.5,0.0,0.5,0.0
3,365838,80,tau_w,-30.0,down,0.5,0.5,0.0,0.5,0.0
3,365838,80,a,5.0,up,0.75,0.5,0.0,0.5,0.0
3,365838,80,a,-5.0,down,0.5,0.5,0.0,0.5,0.0
3,365838,80,a,10.0,up,0.5,0.5,0.0,0.5,0.0
3,365838,80,a,-10.0,down,0.5,0.5,0.0,0.5,0.0
3,365838,80,a,20.0,up,0.5,0.5,0.0,0.5,0.0
3,365838,80,a,-20.0,down,0.5,0.5,0.0,0.5,0.0
3,365838,80,a,30.0,up,0.5,0.5,0.0,0.5,0.0
3,365838,80,a,-30.0,down,0.5,0.5,0.0,0.5,0.0
3,365838,80,b,5.0,up,0.5,0.5,0.0,0.5,0.0
3,365838,80,b,-5.0,down,0.75,0.5,0.0,0.5,0.0
3,365838,80,b,10.0,up,0.5,0.5,0.0,0.5,0.0
3,365838,80,b,-10.0,down,0.25,0.5,0.0,0.5,0.0
3,365838,80,b,20.0,up,0.5,0.5,0.0,0.5,0.0
3,365838,80,b,-20.0,down,0.25,0.5,0.0,0.5,0.0
3,365838,80,b,30.0,up,0.5,0.5,0.0,0.5,0.0
3,365838,80,b,-30.0,down,0.25,0.5,0.0,0.5,0.0
3,365838,80,v_scale,5.0,up,0.5,0.5,0.0,0.5,0.0
3,365838,80,v_scale,-5.0,down,0.5,0.5,0.0,0.5,0.0
3,365838,80,v_scale,10.0,up,0.5,0.5,0.0,0.5,0.0
3,365838,80,v_scale,-10.0,down,0.5,0.5,0.0,0.5,0.0
3,365838,80,v_scale,20.0,up,0.5,0.5,0.0,0.5,0.0
3,365838,80,v_scale,-20.0,down,0.5,0.5,0.0,0.5,0.0
3,365838,80,v_scale,30.0,up,0.5,0.5,0.0,0.5,0.0
3,365838,80,v_scale,-30.0,down,0.5,0.5,0.0,0.5,0.0
3,365838,80,R_off,5.0,up,0.5,0.5,0.0,0.5,0.0
3,365838,80,R_off,-5.0,down,0.5,0.5,0.0,0.5,0.0
3,365838,80,R_off,10.0,up,0.5,0.5,0.0,0.5,0.0
3,365838,80,R_off,-10.0,down,0.5,0.5,0.0,0.5,0.0
3,365838,80,R_off,20.0,up,0.5,0.5,0.0,0.5,0.0
3,365838,80,R_off,-20.0,down,0.5,0.5,0.0,0.5,0.0
3,365838,80,R_off,30.0,up,0.5,0.5,0.0,0.5,0.0
3,365838,80,R_off,-30.0,down,0.5,0.5,0.0,0.5,0.0
3,365838,80,R_on,5.0,up,0.5,0.5,0.0,0.5,0.0
3,365838,80,R_on,-5.0,down,0.5,0.5,0.0,0.5,0.0
3,365838,80,R_on,10.0,up,0.5,0.5,0.0,0.5,0.0
3,365838,80,R_on,-10.0,down,0.5,0.5,0.0,0.5,0.0
3,365838,80,R_on,20.0,up,0.5,0.5,0.0,0.5,0.0
3,365838,80,R_on,-20.0,down,0.5,0.5,0.0,0.5,0.0
3,365838,80,R_on,30.0,up,0.5,0.5,0.0,0.5,0.0
3,365838,80,R_on,-30.0,down,0.5,0.5,0.0,0.5,0.0
3,365838,80,alpha,5.0,up,0.5,0.5,0.0,0.5,0.0
3,365838,80,alpha,-5.0,down,0.5,0.5,0.0,0.5,0.0
3,365838,80,alpha,10.0,up,0.5,0.5,0.0,0.5,0.0
3,365838,80,alpha,-10.0,down,0.5,0.5,0.0,0.5,0.0
3,365838,80,alpha,20.0,up,0.5,0.5,0.0,0.5,0.0
3,365838,80,alpha,-20.0,down,0.5,0.5,0.0,0.5,0.0
3,365838,80,alpha,30.0,up,0.5,0.5,0.0,0.5,0.0
3,365838,80,alpha,-30.0,down,0.5,0.5,0.0,0.5,0.0
4,259178,80,none,0.0,none,0.5,0.5,0.0,0.5,0.0
4,259178,80,tau_v,5.0,up,0.5,0.5,0.0,0.5,0.0
4,259178,80,tau_v,-5.0,down,0.5,0.5,0.0,0.5,0.0
4,259178,80,tau_v,10.0,up,0.5,0.5,0.0,0.5,0.0
4,259178,80,tau_v,-10.0,down,0.5,0.5,0.0,0.5,0.0
4,259178,80,tau_v,20.0,up,0.5,0.5,0.0,0.5,0.0
4,259178,80,tau_v,-20.0,down,0.5,0.5,0.0,0.5,0.0
4,259178,80,tau_v,30.0,up,0.5,0.5,0.0,0.5,0.0
4,259178,80,tau_v,-30.0,down,0.5,0.5,0.0,0.5,0.0
4,259178,80,tau_w,5.0,up,0.5,0.5,0.0,0.5,0.0
4,259178,80,tau_w,-5.0,down,0.5,0.5,0.0,0.5,0.0
4,259178,80,tau_w,10.0,up,0.5,0.5,0.0,0.5,0.0
4,259178,80,tau_w,-10.0,down,0.5,0.5,0.0,0.5,0.0
4,259178,80,tau_w,20.0,up,0.5,0.5,0.0,0.5,0.0
4,259178,80,tau_w,-20.0,down,0.5,0.5,0.0,0.5,0.0
4,259178,80,tau_w,30.0,up,0.5,0.5,0.0,0.5,0.0
4,259178,80,tau_w,-30.0,down,0.5,0.5,0.0,0.5,0.0
4,259178,80,a,5.0,up,0.5,0.5,0.0,0.5,0.0
4,259178,80,a,-5.0,down,0.5,0.5,0.0,0.5,0.0
4,259178,80,a,10.0,up,0.5,0.5,0.0,0.5,0.0
4,259178,80,a,-10.0,down,0.25,0.5,0.0,0.5,0.0
4,259178,80,a,20.0,up,0.5,0.5,0.0,0.5,0.0
4,259178,80,a,-20.0,down,0.25,0.5,0.0,0.5,0.0
4,259178,80,a,30.0,up,0.5,0.5,0.0,0.5,0.0
4,259178,80,a,-30.0,down,0.25,0.5,0.0,0.5,0.0
4,259178,80,b,5.0,up,0.5,0.5,0.0,0.5,0.0
4,259178,80,b,-5.0,down,0.5,0.5,0.0,0.5,0.0
4,259178,80,b,10.0,up,0.5,0.5,0.0,0.5,0.0
4,259178,80,b,-10.0,down,0.5,0.5,0.0,0.5,0.0
4,259178,80,b,20.0,up,0.5,0.5,0.0,0.5,0.0
4,259178,80,b,-20.0,down,0.25,0.5,0.0,0.5,0.0
4,259178,80,b,30.0,up,0.5,0.5,0.0,0.5,0.0
4,259178,80,b,-30.0,down,0.25,0.5,0.0,0.5,0.0
4,259178,80,v_scale,5.0,up,0.5,0.5,0.0,0.5,0.0
4,259178,80,v_scale,-5.0,down,0.5,0.5,0.0,0.5,0.0
4,259178,80,v_scale,10.0,up,0.5,0.5,0.0,0.5,0.0
4,259178,80,v_scale,-10.0,down,0.5,0.5,0.0,0.5,0.0
4,259178,80,v_scale,20.0,up,0.5,0.5,0.0,0.5,0.0
4,259178,80,v_scale,-20.0,down,0.5,0.5,0.0,0.5,0.0
4,259178,80,v_scale,30.0,up,0.5,0.5,0.0,0.5,0.0
4,259178,80,v_scale,-30.0,down,0.5,0.5,0.0,0.5,0.0
4,259178,80,R_off,5.0,up,0.5,0.5,0.0,0.5,0.0
4,259178,80,R_off,-5.0,down,0.5,0.5,0.0,0.5,0.0
4,259178,80,R_off,10.0,up,0.5,0.5,0.0,0.5,0.0
4,259178,80,R_off,-10.0,down,0.5,0.5,0.0,0.5,0.0
4,259178,80,R_off,20.0,up,0.5,0.5,0.0,0.5,0.0
4,259178,80,R_off,-20.0,down,0.5,0.5,0.0,0.5,0.0
4,259178,80,R_off,30.0,up,0.5,0.5,0.0,0.5,0.0
4,259178,80,R_off,-30.0,down,0.5,0.5,0.0,0.5,0.0
4,259178,80,R_on,5.0,up,0.5,0.5,0.0,0.5,0.0
4,259178,80,R_on,-5.0,down,0.5,0.5,0.0,0.5,0.0
4,259178,80,R_on,10.0,up,0.5,0.5,0.0,0.5,0.0
4,259178,80,R_on,-10.0,down,0.5,0.5,0.0,0.5,0.0
4,259178,80,R_on,20.0,up,0.5,0.5,0.0,0.5,0.0
4,259178,80,R_on,-20.0,down,0.5,0.5,0.0,0.5,0.0
4,259178,80,R_on,30.0,up,0.5,0.5,0.0,0.5,0.0
4,259178,80,R_on,-30.0,down,0.5,0.5,0.0,0.5,0.0
4,259178,80,alpha,5.0,up,0.5,0.5,0.0,0.5,0.0
4,259178,80,alpha,-5.0,down,0.5,0.5,0.0,0.5,0.0
4,259178,80,alpha,10.0,up,0.5,0.5,0.0,0.5,0.0
4,259178,80,alpha,-10.0,down,0.5,0.5,0.0,0.5,0.0
4,259178,80,alpha,20.0,up,0.5,0.5,0.0,0.5,0.0
4,259178,80,alpha,-20.0,down,0.5,0.5,0.0,0.5,0.0
4,259178,80,alpha,30.0,up,0.5,0.5,0.0,0.5,0.0
4,259178,80,alpha,-30.0,down,0.5,0.5,0.0,0.5,0.0
5,644167,30,none,0.0,none,0.5,0.5,0.0,0.5,0.0
5,644167,30,tau_v,5.0,up,0.5,0.5,0.0,0.5,0.0
5,644167,30,tau_v,-5.0,down,0.5,0.5,0.0,0.5,0.0
5,644167,30,tau_v,10.0,up,0.5,0.5,0.0,0.5,0.0
5,644167,30,tau_v,-10.0,down,0.5,0.5,0.0,0.5,0.0
5,644167,30,tau_v,20.0,up,0.5,0.5,0.0,0.5,0.0
5,644167,30,tau_v,-20.0,down,0.5,0.5,0.0,0.5,0.0
5,644167,30,tau_v,30.0,up,0.5,0.5,0.0,0.5,0.0
5,644167,30,tau_v,-30.0,down,0.5,0.5,0.0,0.5,0.0
5,644167,30,tau_w,5.0,up,0.5,0.5,0.0,0.5,0.0
5,644167,30,tau_w,-5.0,down,0.5,0.5,0.0,0.5,0.0
5,644167,30,tau_w,10.0,up,0.5,0.5,0.0,0.5,0.0
5,644167,30,tau_w,-10.0,down,0.5,0.5,0.0,0.5,0.0
5,644167,30,tau_w,20.0,up,0.5,0.5,0.0,0.5,0.0
5,644167,30,tau_w,-20.0,down,0.5,0.5,0.0,0.5,0.0
5,644167,30,tau_w,30.0,up,0.5,0.5,0.0,0.5,0.0
5,644167,30,tau_w,-30.0,down,0.5,0.5,0.0,0.5,0.0
5,644167,30,a,5.0,up,0.5,0.5,0.0,0.5,0.0
5,644167,30,a,-5.0,down,0.5,0.5,0.0,0.5,0.0
5,644167,30,a,10.0,up,0.5,0.5,0.0,0.5,0.0
5,644167,30,a,-10.0,down,0.5,0.5,0.0,0.5,0.0
5,644167,30,a,20.0,up,0.5,0.5,0.0,0.5,0.0
5,644167,30,a,-20.0,down,0.5,0.5,0.0,0.5,0.0
5,644167,30,a,30.0,up,0.5,0.5,0.0,0.5,0.0
5,644167,30,a,-30.0,down,0.5,0.5,0.0,0.5,0.0
5,644167,30,b,5.0,up,0.5,0.5,0.0,0.5,0.0
5,644167,30,b,-5.0,down,0.5,0.5,0.0,0.5,0.0
5,644167,30,b,10.0,up,0.5,0.5,0.0,0.5,0.0
5,644167,30,b,-10.0,down,0.5,0.5,0.0,0.5,0.0
5,644167,30,b,20.0,up,0.5,0.5,0.0,0.5,0.0
5,644167,30,b,-20.0,down,0.5,0.5,0.0,0.5,0.0
5,644167,30,b,30.0,up,0.5,0.5,0.0,0.5,0.0
5,644167,30,b,-30.0,down,0.5,0.5,0.0,0.5,0.0
5,644167,30,v_scale,5.0,up,0.5,0.5,0.0,0.5,0.0
5,644167,30,v_scale,-5.0,down,0.5,0.5,0.0,0.5,0.0
5,644167,30,v_scale,10.0,up,0.5,0.5,0.0,0.5,0.0
5,644167,30,v_scale,-10.0,down,0.5,0.5,0.0,0.5,0.0
5,644167,30,v_scale,20.0,up,0.5,0.5,0.0,0.5,0.0
5,644167,30,v_scale,-20.0,down,0.5,0.5,0.0,0.5,0.0
5,644167,30,v_scale,30.0,up,0.5,0.5,0.0,0.5,0.0
5,644167,30,v_scale,-30.0,down,0.5,0.5,0.0,0.5,0.0
5,644167,30,R_off,5.0,up,0.5,0.5,0.0,0.5,0.0
5,644167,30,R_off,-5.0,down,0.5,0.5,0.0,0.5,0.0
5,644167,30,R_off,10.0,up,0.5,0.5,0.0,0.5,0.0
5,644167,30,R_off,-10.0,down,0.5,0.5,0.0,0.5,0.0
5,644167,30,R_off,20.0,up,0.5,0.5,0.0,0.5,0.0
5,644167,30,R_off,-20.0,down,0.5,0.5,0.0,0.5,0.0
5,644167,30,R_off,30.0,up,0.5,0.5,0.0,0.5,0.0
5,644167,30,R_off,-30.0,down,0.5,0.5,0.0,0.5,0.0
5,644167,30,R_on,5.0,up,0.5,0.5,0.0,0.5,0.0
5,644167,30,R_on,-5.0,down,0.5,0.5,0.0,0.5,0.0
5,644167,30,R_on,10.0,up,0.5,0.5,0.0,0.5,0.0
5,644167,30,R_on,-10.0,down,0.5,0.5,0.0,0.5,0.0
5,644167,30,R_on,20.0,up,0.5,0.5,0.0,0.5,0.0
5,644167,30,R_on,-20.0,down,0.5,0.5,0.0,0.5,0.0
5,644167,30,R_on,30.0,up,0.5,0.5,0.0,0.5,0.0
5,644167,30,R_on,-30.0,down,0.5,0.5,0.0,0.5,0.0
5,644167,30,alpha,5.0,up,0.5,0.5,0.0,0.5,0.0
5,644167,30,alpha,-5.0,down,0.5,0.5,0.0,0.5,0.0
5,644167,30,alpha,10.0,up,0.5,0.5,0.0,0.5,0.0
5,644167,30,alpha,-10.0,down,0.5,0.5,0.0,0.5,0.0
5,644167,30,alpha,20.0,up,0.5,0.5,0.0,0.5,0.0
5,644167,30,alpha,-20.0,down,0.5,0.5,0.0,0.5,0.0
5,644167,30,alpha,30.0,up,0.5,0.5,0.0,0.5,0.0
5,644167,30,alpha,-30.0,down,0.5,0.5,0.0,0.5,0.0
6,110268,50,none,0.0,none,0.75,0.75,0.0,0.75,0.06118401512949456
6,110268,50,tau_v,5.0,up,0.75,0.75,0.0,0.75,0.06118401512949456
6,110268,50,tau_v,-5.0,down,0.75,0.75,0.0,0.75,0.06118401512949456
6,110268,50,tau_v,10.0,up,0.75,0.75,0.0,0.75,0.06118401512949456
6,110268,50,tau_v,-10.0,down,0.75,0.75,0.0,0.75,0.06118401512949456
6,110268,50,tau_v,20.0,up,0.5,0.75,0.0,0.75,0.06118401512949456
6,110268,50,tau_v,-20.0,down,0.75,0.75,0.0,0.75,0.06118401512949456
6,110268,50,tau_v,30.0,up,0.5,0.75,0.0,0.75,0.06118401512949456
6,110268,50,tau_v,-30.0,down,0.75,0.75,0.0,0.75,0.06118401512949456
6,110268,50,tau_w,5.0,up,0.75,0.75,0.0,0.75,0.06118401512949456
6,110268,50,tau_w,-5.0,down,0.75,0.75,0.0,0.75,0.06118401512949456
6,110268,50,tau_w,10.0,up,0.75,0.75,0.0,0.75,0.06118401512949456
6,110268,50,tau_w,-10.0,down,0.75,0.75,0.0,0.75,0.06118401512949456
6,110268,50,tau_w,20.0,up,0.75,0.75,0.0,0.75,0.06118401512949456
6,110268,50,tau_w,-20.0,down,0.5,0.75,0.0,0.75,0.06118401512949456
6,110268,50,tau_w,30.0,up,0.75,0.75,0.0,0.75,0.06118401512949456
6,110268,50,tau_w,-30.0,down,0.5,0.75,0.0,0.75,0.06118401512949456
6,110268,50,a,5.0,up,0.75,0.75,0.0,0.75,0.06118401512949456
6,110268,50,a,-5.0,down,0.75,0.75,0.0,0.75,0.06118401512949456
6,110268,50,a,10.0,up,0.75,0.75,0.0,0.75,0.06118401512949456
6,110268,50,a,-10.0,down,0.75,0.75,0.0,0.75,0.06118401512949456
6,110268,50,a,20.0,up,0.75,0.75,0.0,0.75,0.06118401512949456
6,110268,50,a,-20.0,down,0.75,0.75,0.0,0.75,0.06118401512949456
6,110268,50,a,30.0,up,0.75,0.75,0.0,0.75,0.06118401512949456
6,110268,50,a,-30.0,down,0.75,0.75,0.0,0.75,0.06118401512949456
6,110268,50,b,5.0,up,0.75,0.75,0.0,0.75,0.06118401512949456
6,110268,50,b,-5.0,down,0.75,0.75,0.0,0.75,0.06118401512949456
6,110268,50,b,10.0,up,0.75,0.75,0.0,0.75,0.06118401512949456
6,110268,50,b,-10.0,down,0.75,0.75,0.0,0.75,0.06118401512949456
6,110268,50,b,20.0,up,0.75,0.75,0.0,0.75,0.06118401512949456
6,110268,50,b,-20.0,down,0.75,0.75,0.0,0.75,0.06118401512949456
6,110268,50,b,30.0,up,0.75,0.75,0.0,0.75,0.06118401512949456
6,110268,50,b,-30.0,down,0.75,0.75,0.0,0.75,0.06118401512949456
6,110268,50,v_scale,5.0,up,0.75,0.75,0.0,0.75,0.06118401512949456
6,110268,50,v_scale,-5.0,down,0.75,0.75,0.0,0.75,0.06118401512949456
6,110268,50,v_scale,10.0,up,0.75,0.75,0.0,0.75,0.06118401512949456
6,110268,50,v_scale,-10.0,down,0.75,0.75,0.0,0.75,0.06118401512949456
6,110268,50,v_scale,20.0,up,0.75,0.75,0.0,0.75,0.06118401512949456
6,110268,50,v_scale,-20.0,down,0.75,0.75,0.0,0.75,0.06118401512949456
6,110268,50,v_scale,30.0,up,0.75,0.75,0.0,0.75,0.06118401512949456
6,110268,50,v_scale,-30.0,down,0.75,0.75,0.0,0.75,0.06118401512949456
6,110268,50,R_off,5.0,up,0.75,0.75,0.0,0.75,0.06118401512949456
6,110268,50,R_off,-5.0,down,0.75,0.75,0.0,0.75,0.06118401512949456
6,110268,50,R_off,10.0,up,0.75,0.75,0.0,0.75,0.06118401512949456
6,110268,50,R_off,-10.0,down,0.75,0.75,0.0,0.75,0.06118401512949456
6,110268,50,R_off,20.0,up,0.75,0.75,0.0,0.75,0.06118401512949456
6,110268,50,R_off,-20.0,down,0.75,0.75,0.0,0.75,0.06118401512949456
6,110268,50,R_off,30.0,up,0.75,0.75,0.0,0.75,0.06118401512949456
6,110268,50,R_off,-30.0,down,0.75,0.75,0.0,0.75,0.06118401512949456
6,110268,50,R_on,5.0,up,0.75,0.75,0.0,0.75,0.06118401512949456
6,110268,50,R_on,-5.0,down,0.75,0.75,0.0,0.75,0.06118401512949456
6,110268,50,R_on,10.0,up,0.75,0.75,0.0,0.75,0.06118401512949456
6,110268,50,R_on,-10.0,down,0.75,0.75,0.0,0.75,0.06118401512949456
6,110268,50,R_on,20.0,up,0.75,0.75,0.0,0.75,0.06118401512949456
6,110268,50,R_on,-20.0,down,0.75,0.75,0.0,0.75,0.06118401512949456
6,110268,50,R_on,30.0,up,0.75,0.75,0.0,0.75,0.06118401512949456
6,110268,50,R_on,-30.0,down,0.75,0.75,0.0,0.75,0.06118401512949456
6,110268,50,alpha,5.0,up,0.75,0.75,0.0,0.75,0.06118401512949456
6,110268,50,alpha,-5.0,down,0.75,0.75,0.0,0.75,0.06118401512949456
6,110268,50,alpha,10.0,up,0.75,0.75,0.0,0.75,0.06118401512949456
6,110268,50,alpha,-10.0,down,0.75,0.75,0.0,0.75,0.06118401512949456
6,110268,50,alpha,20.0,up,0.75,0.75,0.0,0.75,0.06118401512949456
6,110268,50,alpha,-20.0,down,0.75,0.75,0.0,0.75,0.06118401512949456
6,110268,50,alpha,30.0,up,0.75,0.75,0.0,0.75,0.06118401512949456
6,110268,50,alpha,-30.0,down,0.75,0.75,0.0,0.75,0.06118401512949456
7,732180,30,none,0.0,none,0.5,0.75,0.0,0.75,0.001277397770683697
7,732180,30,tau_v,5.0,up,0.5,0.75,0.0,0.75,0.001277397770683697
7,732180,30,tau_v,-5.0,down,0.5,0.75,0.0,0.75,0.001277397770683697
7,732180,30,tau_v,10.0,up,0.5,0.75,0.0,0.75,0.001277397770683697
7,732180,30,tau_v,-10.0,down,0.5,0.75,0.0,0.75,0.001277397770683697
7,732180,30,tau_v,20.0,up,0.5,0.75,0.0,0.75,0.001277397770683697
7,732180,30,tau_v,-20.0,down,0.5,0.75,0.0,0.75,0.001277397770683697
7,732180,30,tau_v,30.0,up,0.5,0.75,0.0,0.75,0.001277397770683697
7,732180,30,tau_v,-30.0,down,0.5,0.75,0.0,0.75,0.001277397770683697
7,732180,30,tau_w,5.0,up,0.5,0.75,0.0,0.75,0.001277397770683697
7,732180,30,tau_w,-5.0,down,0.5,0.75,0.0,0.75,0.001277397770683697
7,732180,30,tau_w,10.0,up,0.5,0.75,0.0,0.75,0.001277397770683697
7,732180,30,tau_w,-10.0,down,0.5,0.75,0.0,0.75,0.001277397770683697
7,732180,30,tau_w,20.0,up,0.5,0.75,0.0,0.75,0.001277397770683697
7,732180,30,tau_w,-20.0,down,0.5,0.75,0.0,0.75,0.001277397770683697
7,732180,30,tau_w,30.0,up,0.5,0.75,0.0,0.75,0.001277397770683697
7,732180,30,tau_w,-30.0,down,0.5,0.75,0.0,0.75,0.001277397770683697
7,732180,30,a,5.0,up,0.5,0.75,0.0,0.75,0.001277397770683697
7,732180,30,a,-5.0,down,0.5,0.75,0.0,0.75,0.001277397770683697
7,732180,30,a,10.0,up,0.5,0.75,0.0,0.75,0.001277397770683697
7,732180,30,a,-10.0,down,0.5,0.75,0.0,0.75,0.001277397770683697
7,732180,30,a,20.0,up,0.5,0.75,0.0,0.75,0.001277397770683697
7,732180,30,a,-20.0,down,0.5,0.75,0.0,0.75,0.001277397770683697
7,732180,30,a,30.0,up,0.5,0.75,0.0,0.75,0.001277397770683697
7,732180,30,a,-30.0,down,0.5,0.75,0.0,0.75,0.001277397770683697
7,732180,30,b,5.0,up,0.5,0.75,0.0,0.75,0.001277397770683697
7,732180,30,b,-5.0,down,0.5,0.75,0.0,0.75,0.001277397770683697
7,732180,30,b,10.0,up,0.5,0.75,0.0,0.75,0.001277397770683697
7,732180,30,b,-10.0,down,0.5,0.75,0.0,0.75,0.001277397770683697
7,732180,30,b,20.0,up,0.5,0.75,0.0,0.75,0.001277397770683697
7,732180,30,b,-20.0,down,0.5,0.75,0.0,0.75,0.001277397770683697
7,732180,30,b,30.0,up,0.5,0.75,0.0,0.75,0.001277397770683697
7,732180,30,b,-30.0,down,0.5,0.75,0.0,0.75,0.001277397770683697
7,732180,30,v_scale,5.0,up,0.5,0.75,0.0,0.75,0.001277397770683697
7,732180,30,v_scale,-5.0,down,0.5,0.75,0.0,0.75,0.001277397770683697
7,732180,30,v_scale,10.0,up,0.5,0.75,0.0,0.75,0.001277397770683697
7,732180,30,v_scale,-10.0,down,0.5,0.75,0.0,0.75,0.001277397770683697
7,732180,30,v_scale,20.0,up,0.5,0.75,0.0,0.75,0.001277397770683697
7,732180,30,v_scale,-20.0,down,0.5,0.75,0.0,0.75,0.001277397770683697
7,732180,30,v_scale,30.0,up,0.5,0.75,0.0,0.75,0.001277397770683697
7,732180,30,v_scale,-30.0,down,0.5,0.75,0.0,0.75,0.001277397770683697
7,732180,30,R_off,5.0,up,0.5,0.75,0.0,0.75,0.001277397770683697
7,732180,30,R_off,-5.0,down,0.5,0.75,0.0,0.75,0.001277397770683697
7,732180,30,R_off,10.0,up,0.5,0.75,0.0,0.75,0.001277397770683697
7,732180,30,R_off,-10.0,down,0.5,0.75,0.0,0.75,0.001277397770683697
7,732180,30,R_off,20.0,up,0.5,0.75,0.0,0.75,0.001277397770683697
7,732180,30,R_off,-20.0,down,0.5,0.75,0.0,0.75,0.001277397770683697
7,732180,30,R_off,30.0,up,0.5,0.75,0.0,0.75,0.001277397770683697
7,732180,30,R_off,-30.0,down,0.5,0.75,0.0,0.75,0.001277397770683697
7,732180,30,R_on,5.0,up,0.5,0.75,0.0,0.75,0.001277397770683697
7,732180,30,R_on,-5.0,down,0.5,0.75,0.0,0.75,0.001277397770683697
7,732180,30,R_on,10.0,up,0.5,0.75,0.0,0.75,0.001277397770683697
7,732180,30,R_on,-10.0,down,0.5,0.75,0.0,0.75,0.001277397770683697
7,732180,30,R_on,20.0,up,0.5,0.75,0.0,0.75,0.001277397770683697
7,732180,30,R_on,-20.0,down,0.5,0.75,0.0,0.75,0.001277397770683697
7,732180,30,R_on,30.0,up,0.5,0.75,0.0,0.75,0.001277397770683697
7,732180,30,R_on,-30.0,down,0.5,0.75,0.0,0.75,0.001277397770683697
7,732180,30,alpha,5.0,up,0.5,0.75,0.0,0.75,0.001277397770683697
7,732180,30,alpha,-5.0,down,0.5,0.75,0.0,0.75,0.001277397770683697
7,732180,30,alpha,10.0,up,0.5,0.75,0.0,0.75,0.001277397770683697
7,732180,30,alpha,-10.0,down,0.5,0.75,0.0,0.75,0.001277397770683697
7,732180,30,alpha,20.0,up,0.5,0.75,0.0,0.75,0.001277397770683697
7,732180,30,alpha,-20.0,down,0.5,0.75,0.0,0.75,0.001277397770683697
7,732180,30,alpha,30.0,up,0.5,0.75,0.0,0.75,0.001277397770683697
7,732180,30,alpha,-30.0,down,0.5,0.75,0.0,0.75,0.001277397770683697
8,54886,50,none,0.0,none,0.5,0.5,0.0,0.5,-4.017662424971036e-09
8,54886,50,tau_v,5.0,up,0.5,0.5,0.0,0.5,-4.017662424971036e-09
8,54886,50,tau_v,-5.0,down,0.5,0.5,0.0,0.5,-4.017662424971036e-09
8,54886,50,tau_v,10.0,up,0.5,0.5,0.0,0.5,-4.017662424971036e-09
8,54886,50,tau_v,-10.0,down,0.5,0.5,0.0,0.5,-4.017662424971036e-09
8,54886,50,tau_v,20.0,up,0.5,0.5,0.0,0.5,-4.017662424971036e-09
8,54886,50,tau_v,-20.0,down,0.5,0.5,0.0,0.5,-4.017662424971036e-09
8,54886,50,tau_v,30.0,up,0.5,0.5,0.0,0.5,-4.017662424971036e-09
8,54886,50,tau_v,-30.0,down,0.5,0.5,0.0,0.5,-4.017662424971036e-09
8,54886,50,tau_w,5.0,up,0.25,0.5,0.0,0.5,-4.017662424971036e-09
8,54886,50,tau_w,-5.0,down,0.5,0.5,0.0,0.5,-4.017662424971036e-09
8,54886,50,tau_w,10.0,up,0.5,0.5,0.0,0.5,-4.017662424971036e-09
8,54886,50,tau_w,-10.0,down,0.5,0.5,0.0,0.5,-4.017662424971036e-09
8,54886,50,tau_w,20.0,up,0.75,0.5,0.0,0.5,-4.017662424971036e-09
8,54886,50,tau_w,-20.0,down,0.5,0.5,0.0,0.5,-4.017662424971036e-09
8,54886,50,tau_w,30.0,up,0.25,0.5,0.0,0.5,-4.017662424971036e-09
8,54886,50,tau_w,-30.0,down,0.5,0.5,0.0,0.5,-4.017662424971036e-09
8,54886,50,a,5.0,up,0.5,0.5,0.0,0.5,-4.017662424971036e-09
8,54886,50,a,-5.0,down,0.75,0.5,0.0,0.5,-4.017662424971036e-09
8,54886,50,a,10.0,up,0.5,0.5,0.0,0.5,-4.017662424971036e-09
8,54886,50,a,-10.0,down,0.5,0.5,0.0,0.5,-4.017662424971036e-09
8,54886,50,a,20.0,up,0.5,0.5,0.0,0.5,-4.017662424971036e-09
8,54886,50,a,-20.0,down,0.5,0.5,0.0,0.5,-4.017662424971036e-09
8,54886,50,a,30.0,up,0.5,0.5,0.0,0.5,-4.017662424971036e-09
8,54886,50,a,-30.0,down,0.5,0.5,0.0,0.5,-4.017662424971036e-09
8,54886,50,b,5.0,up,0.75,0.5,0.0,0.5,-4.017662424971036e-09
8,54886,50,b,-5.0,down,0.5,0.5,0.0,0.5,-4.017662424971036e-09
8,54886,50,b,10.0,up,0.5,0.5,0.0,0.5,-4.017662424971036e-09
8,54886,50,b,-10.0,down,0.5,0.5,0.0,0.5,-4.017662424971036e-09
8,54886,50,b,20.0,up,0.5,0.5,0.0,0.5,-4.017662424971036e-09
8,54886,50,b,-20.0,down,0.5,0.5,0.0,0.5,-4.017662424971036e-09
8,54886,50,b,30.0,up,0.5,0.5,0.0,0.5,-4.017662424971036e-09
8,54886,50,b,-30.0,down,0.5,0.5,0.0,0.5,-4.017662424971036e-09
8,54886,50,v_scale,5.0,up,0.5,0.5,0.0,0.5,-4.017662424971036e-09
8,54886,50,v_scale,-5.0,down,0.5,0.5,0.0,0.5,-4.017662424971036e-09
8,54886,50,v_scale,10.0,up,0.5,0.5,0.0,0.5,-4.017662424971036e-09
8,54886,50,v_scale,-10.0,down,0.5,0.5,0.0,0.5,-4.017662424971036e-09
8,54886,50,v_scale,20.0,up,0.5,0.5,0.0,0.5,-4.017662424971036e-09
8,54886,50,v_scale,-20.0,down,0.5,0.5,0.0,0.5,-4.017662424971036e-09
8,54886,50,v_scale,30.0,up,0.5,0.5,0.0,0.5,-4.017662424971036e-09
8,54886,50,v_scale,-30.0,down,0.5,0.5,0.0,0.5,-4.017662424971036e-09
8,54886,50,R_off,5.0,up,0.75,0.5,0.0,0.5,-4.017662424971036e-09
8,54886,50,R_off,-5.0,down,0.75,0.5,0.0,0.5,-4.017662424971036e-09
8,54886,50,R_off,10.0,up,0.75,0.5,0.0,0.5,-4.017662424971036e-09
8,54886,50,R_off,-10.0,down,0.5,0.5,0.0,0.5,-4.017662424971036e-09
8,54886,50,R_off,20.0,up,0.75,0.5,0.0,0.5,-4.017662424971036e-09
8,54886,50,R_off,-20.0,down,0.75,0.5,0.0,0.5,-4.017662424971036e-09
8,54886,50,R_off,30.0,up,0.75,0.5,0.0,0.5,-4.017662424971036e-09
8,54886,50,R_off,-30.0,down,0.5,0.5,0.0,0.5,-4.017662424971036e-09
8,54886,50,R_on,5.0,up,0.75,0.5,0.0,0.5,-4.017662424971036e-09
8,54886,50,R_on,-5.0,down,0.5,0.5,0.0,0.5,-4.017662424971036e-09
8,54886,50,R_on,10.0,up,0.5,0.5,0.0,0.5,-4.017662424971036e-09
8,54886,50,R_on,-10.0,down,0.5,0.5,0.0,0.5,-4.017662424971036e-09
8,54886,50,R_on,20.0,up,0.75,0.5,0.0,0.5,-4.017662424971036e-09
8,54886,50,R_on,-20.0,down,0.5,0.5,0.0,0.5,-4.017662424971036e-09
8,54886,50,R_on,30.0,up,0.25,0.5,0.0,0.5,-4.017662424971036e-09
8,54886,50,R_on,-30.0,down,0.5,0.5,0.0,0.5,-4.017662424971036e-09
8,54886,50,alpha,5.0,up,0.5,0.5,0.0,0.5,-4.017662424971036e-09
8,54886,50,alpha,-5.0,down,0.5,0.5,0.0,0.5,-4.017662424971036e-09
8,54886,50,alpha,10.0,up,0.75,0.5,0.0,0.5,-4.017662424971036e-09
8,54886,50,alpha,-10.0,down,0.5,0.5,0.0,0.5,-4.017662424971036e-09
8,54886,50,alpha,20.0,up,0.75,0.5,0.0,0.5,-4.017662424971036e-09
8,54886,50,alpha,-20.0,down,0.5,0.5,0.0,0.5,-4.017662424971036e-09
8,54886,50,alpha,30.0,up,0.75,0.5,0.0,0.5,-4.017662424971036e-09
8,54886,50,alpha,-30.0,down,0.5,0.5,0.0,0.5,-4.017662424971036e-09
9,137337,30,none,0.0,none,0.5,0.5,0.0,0.5,0.0
9,137337,30,tau_v,5.0,up,0.5,0.5,0.0,0.5,0.0
9,137337,30,tau_v,-5.0,down,0.5,0.5,0.0,0.5,0.0
9,137337,30,tau_v,10.0,up,0.5,0.5,0.0,0.5,0.0
9,137337,30,tau_v,-10.0,down,0.5,0.5,0.0,0.5,0.0
9,137337,30,tau_v,20.0,up,0.5,0.5,0.0,0.5,0.0
9,137337,30,tau_v,-20.0,down,0.5,0.5,0.0,0.5,0.0
9,137337,30,tau_v,30.0,up,0.5,0.5,0.0,0.5,0.0
9,137337,30,tau_v,-30.0,down,0.5,0.5,0.0,0.5,0.0
9,137337,30,tau_w,5.0,up,0.5,0.5,0.0,0.5,0.0
9,137337,30,tau_w,-5.0,down,0.5,0.5,0.0,0.5,0.0
9,137337,30,tau_w,10.0,up,0.5,0.5,0.0,0.5,0.0
9,137337,30,tau_w,-10.0,down,0.5,0.5,0.0,0.5,0.0
9,137337,30,tau_w,20.0,up,0.5,0.5,0.0,0.5,0.0
9,137337,30,tau_w,-20.0,down,0.5,0.5,0.0,0.5,0.0
9,137337,30,tau_w,30.0,up,0.5,0.5,0.0,0.5,0.0
9,137337,30,tau_w,-30.0,down,0.5,0.5,0.0,0.5,0.0
9,137337,30,a,5.0,up,0.5,0.5,0.0,0.5,0.0
9,137337,30,a,-5.0,down,0.5,0.5,0.0,0.5,0.0
9,137337,30,a,10.0,up,0.5,0.5,0.0,0.5,0.0
9,137337,30,a,-10.0,down,0.5,0.5,0.0,0.5,0.0
9,137337,30,a,20.0,up,0.5,0.5,0.0,0.5,0.0
9,137337,30,a,-20.0,down,0.5,0.5,0.0,0.5,0.0
9,137337,30,a,30.0,up,0.5,0.5,0.0,0.5,0.0
9,137337,30,a,-30.0,down,0.5,0.5,0.0,0.5,0.0
9,137337,30,b,5.0,up,0.5,0.5,0.0,0.5,0.0
9,137337,30,b,-5.0,down,0.5,0.5,0.0,0.5,0.0
9,137337,30,b,10.0,up,0.5,0.5,0.0,0.5,0.0
9,137337,30,b,-10.0,down,0.5,0.5,0.0,0.5,0.0
9,137337,30,b,20.0,up,0.5,0.5,0.0,0.5,0.0
9,137337,30,b,-20.0,down,0.5,0.5,0.0,0.5,0.0
9,137337,30,b,30.0,up,0.5,0.5,0.0,0.5,0.0
9,137337,30,b,-30.0,down,0.5,0.5,0.0,0.5,0.0
9,137337,30,v_scale,5.0,up,0.5,0.5,0.0,0.5,0.0
9,137337,30,v_scale,-5.0,down,0.5,0.5,0.0,0.5,0.0
9,137337,30,v_scale,10.0,up,0.5,0.5,0.0,0.5,0.0
9,137337,30,v_scale,-10.0,down,0.5,0.5,0.0,0.5,0.0
9,137337,30,v_scale,20.0,up,0.5,0.5,0.0,0.5,0.0
9,137337,30,v_scale,-20.0,down,0.5,0.5,0.0,0.5,0.0
9,137337,30,v_scale,30.0,up,0.5,0.5,0.0,0.5,0.0
9,137337,30,v_scale,-30.0,down,0.5,0.5,0.0,0.5,0.0
9,137337,30,R_off,5.0,up,0.5,0.5,0.0,0.5,0.0
9,137337,30,R_off,-5.0,down,0.5,0.5,0.0,0.5,0.0
9,137337,30,R_off,10.0,up,0.5,0.5,0.0,0.5,0.0
9,137337,30,R_off,-10.0,down,0.5,0.5,0.0,0.5,0.0
9,137337,30,R_off,20.0,up,0.5,0.5,0.0,0.5,0.0
9,137337,30,R_off,-20.0,down,0.5,0.5,0.0,0.5,0.0
9,137337,30,R_off,30.0,up,0.5,0.5,0.0,0.5,0.0
9,137337,30,R_off,-30.0,down,0.5,0.5,0.0,0.5,0.0
9,137337,30,R_on,5.0,up,0.5,0.5,0.0,0.5,0.0
9,137337,30,R_on,-5.0,down,0.5,0.5,0.0,0.5,0.0
9,137337,30,R_on,10.0,up,0.5,0.5,0.0,0.5,0.0
9,137337,30,R_on,-10.0,down,0.5,0.5,0.0,0.5,0.0
9,137337,30,R_on,20.0,up,0.5,0.5,0.0,0.5,0.0
9,137337,30,R_on,-20.0,down,0.5,0.5,0.0,0.5,0.0
9,137337,30,R_on,30.0,up,0.5,0.5,0.0,0.5,0.0
9,137337,30,R_on,-30.0,down,0.5,0.5,0.0,0.5,0.0
9,137337,30,alpha,5.0,up,0.5,0.5,0.0,0.5,0.0
9,137337,30,alpha,-5.0,down,0.5,0.5,0.0,0.5,0.0
9,137337,30,alpha,10.0,up,0.5,0.5,0.0,0.5,0.0
9,137337,30,alpha,-10.0,down,0.5,0.5,0.0,0.5,0.0
9,137337,30,alpha,20.0,up,0.5,0.5,0.0,0.5,0.0
9,137337,30,alpha,-20.0,down,0.5,0.5,0.0,0.5,0.0
9,137337,30,alpha,30.0,up,0.5,0.5,0.0,0.5,0.0
9,137337,30,alpha,-30.0,down,0.5,0.5,0.0,0.5,0.0
10,999890,30,none,0.0,none,0.25,0.5,0.0,0.5,0.0
10,999890,30,tau_v,5.0,up,0.25,0.5,0.0,0.5,0.0
10,999890,30,tau_v,-5.0,down,0.25,0.5,0.0,0.5,0.0
10,999890,30,tau_v,10.0,up,0.25,0.5,0.0,0.5,0.0
10,999890,30,tau_v,-10.0,down,0.25,0.5,0.0,0.5,0.0
10,999890,30,tau_v,20.0,up,0.25,0.5,0.0,0.5,0.0
10,999890,30,tau_v,-20.0,down,0.25,0.5,0.0,0.5,0.0
10,999890,30,tau_v,30.0,up,0.25,0.5,0.0,0.5,0.0
10,999890,30,tau_v,-30.0,down,0.25,0.5,0.0,0.5,0.0
10,999890,30,tau_w,5.0,up,0.25,0.5,0.0,0.5,0.0
10,999890,30,tau_w,-5.0,down,0.25,0.5,0.0,0.5,0.0
10,999890,30,tau_w,10.0,up,0.25,0.5,0.0,0.5,0.0
10,999890,30,tau_w,-10.0,down,0.25,0.5,0.0,0.5,0.0
10,999890,30,tau_w,20.0,up,0.25,0.5,0.0,0.5,0.0
10,999890,30,tau_w,-20.0,down,0.25,0.5,0.0,0.5,0.0
10,999890,30,tau_w,30.0,up,0.25,0.5,0.0,0.5,0.0
10,999890,30,tau_w,-30.0,down,0.5,0.5,0.0,0.5,0.0
10,999890,30,a,5.0,up,0.5,0.5,0.0,0.5,0.0
10,999890,30,a,-5.0,down,0.25,0.5,0.0,0.5,0.0
10,999890,30,a,10.0,up,0.5,0.5,0.0,0.5,0.0
10,999890,30,a,-10.0,down,0.5,0.5,0.0,0.5,0.0
10,999890,30,a,20.0,up,0.5,0.5,0.0,0.5,0.0
10,999890,30,a,-20.0,down,0.75,0.5,0.0,0.5,0.0
10,999890,30,a,30.0,up,0.5,0.5,0.0,0.5,0.0
10,999890,30,a,-30.0,down,0.75,0.5,0.0,0.5,0.0
10,999890,30,b,5.0,up,0.25,0.5,0.0,0.5,0.0
10,999890,30,b,-5.0,down,0.25,0.5,0.0,0.5,0.0
10,999890,30,b,10.0,up,0.5,0.5,0.0,0.5,0.0
10,999890,30,b,-10.0,down,0.25,0.5,0.0,0.5,0.0
10,999890,30,b,20.0,up,0.5,0.5,0.0,0.5,0.0
10,999890,30,b,-20.0,down,0.25,0.5,0.0,0.5,0.0
10,999890,30,b,30.0,up,0.5,0.5,0.0,0.5,0.0
10,999890,30,b,-30.0,down,0.25,0.5,0.0,0.5,0.0
10,999890,30,v_scale,5.0,up,0.25,0.5,0.0,0.5,0.0
10,999890,30,v_scale,-5.0,down,0.25,0.5,0.0,0.5,0.0
10,999890,30,v_scale,10.0,up,0.25,0.5,0.0,0.5,0.0
10,999890,30,v_scale,-10.0,down,0.25,0.5,0.0,0.5,0.0
10,999890,30,v_scale,20.0,up,0.25,0.5,0.0,0.5,0.0
10,999890,30,v_scale,-20.0,down,0.25,0.5,0.0,0.5,0.0
10,999890,30,v_scale,30.0,up,0.25,0.5,0.0,0.5,0.0
10,999890,30,v_scale,-30.0,down,0.25,0.5,0.0,0.5,0.0
10,999890,30,R_off,5.0,up,0.25,0.5,0.0,0.5,0.0
10,999890,30,R_off,-5.0,down,0.25,0.5,0.0,0.5,0.0
10,999890,30,R_off,10.0,up,0.25,0.5,0.0,0.5,0.0
10,999890,30,R_off,-10.0,down,0.25,0.5,0.0,0.5,0.0
10,999890,30,R_off,20.0,up,0.25,0.5,0.0,0.5,0.0
10,999890,30,R_off,-20.0,down,0.25,0.5,0.0,0.5,0.0
10,999890,30,R_off,30.0,up,0.25,0.5,0.0,0.5,0.0
10,999890,30,R_off,-30.0,down,0.25,0.5,0.0,0.5,0.0
10,999890,30,R_on,5.0,up,0.25,0.5,0.0,0.5,0.0
10,999890,30,R_on,-5.0,down,0.25,0.5,0.0,0.5,0.0
10,999890,30,R_on,10.0,up,0.25,0.5,0.0,0.5,0.0
10,999890,30,R_on,-10.0,down,0.25,0.5,0.0,0.5,0.0
10,999890,30,R_on,20.0,up,0.25,0.5,0.0,0.5,0.0
10,999890,30,R_on,-20.0,down,0.5,0.5,0.0,0.5,0.0
10,999890,30,R_on,30.0,up,0.25,0.5,0.0,0.5,0.0
10,999890,30,R_on,-30.0,down,0.5,0.5,0.0,0.5,0.0
10,999890,30,alpha,5.0,up,0.25,0.5,0.0,0.5,0.0
10,999890,30,alpha,-5.0,down,0.25,0.5,0.0,0.5,0.0
10,999890,30,alpha,10.0,up,0.25,0.5,0.0,0.5,0.0
10,999890,30,alpha,-10.0,down,0.25,0.5,0.0,0.5,0.0
10,999890,30,alpha,20.0,up,0.25,0.5,0.0,0.5,0.0
10,999890,30,alpha,-20.0,down,0.25,0.5,0.0,0.5,0.0
10,999890,30,alpha,30.0,up,0.25,0.5,0.0,0.5,0.0
10,999890,30,alpha,-30.0,down,0.25,0.5,0.0,0.5,0.0
11,521430,30,none,0.0,none,0.5,0.75,0.0,0.75,0.0
11,521430,30,tau_v,5.0,up,0.5,0.75,0.0,0.75,0.0
11,521430,30,tau_v,-5.0,down,0.5,0.75,0.0,0.75,0.0
11,521430,30,tau_v,10.0,up,0.5,0.75,0.0,0.75,0.0
11,521430,30,tau_v,-10.0,down,0.5,0.75,0.0,0.75,0.0
11,521430,30,tau_v,20.0,up,0.5,0.75,0.0,0.75,0.0
11,521430,30,tau_v,-20.0,down,0.5,0.75,0.0,0.75,0.0
11,521430,30,tau_v,30.0,up,0.5,0.75,0.0,0.75,0.0
11,521430,30,tau_v,-30.0,down,0.5,0.75,0.0,0.75,0.0
11,521430,30,tau_w,5.0,up,0.5,0.75,0.0,0.75,0.0
11,521430,30,tau_w,-5.0,down,0.5,0.75,0.0,0.75,0.0
11,521430,30,tau_w,10.0,up,0.5,0.75,0.0,0.75,0.0
11,521430,30,tau_w,-10.0,down,0.5,0.75,0.0,0.75,0.0
11,521430,30,tau_w,20.0,up,0.5,0.75,0.0,0.75,0.0
11,521430,30,tau_w,-20.0,down,0.5,0.75,0.0,0.75,0.0
11,521430,30,tau_w,30.0,up,0.5,0.75,0.0,0.75,0.0
11,521430,30,tau_w,-30.0,down,0.5,0.75,0.0,0.75,0.0
11,521430,30,a,5.0,up,0.5,0.75,0.0,0.75,0.0
11,521430,30,a,-5.0,down,0.5,0.75,0.0,0.75,0.0
11,521430,30,a,10.0,up,0.5,0.75,0.0,0.75,0.0
11,521430,30,a,-10.0,down,0.5,0.75,0.0,0.75,0.0
11,521430,30,a,20.0,up,0.5,0.75,0.0,0.75,0.0
11,521430,30,a,-20.0,down,0.5,0.75,0.0,0.75,0.0
11,521430,30,a,30.0,up,0.5,0.75,0.0,0.75,0.0
11,521430,30,a,-30.0,down,0.5,0.75,0.0,0.75,0.0
11,521430,30,b,5.0,up,0.5,0.75,0.0,0.75,0.0
11,521430,30,b,-5.0,down,0.5,0.75,0.0,0.75,0.0
11,521430,30,b,10.0,up,0.5,0.75,0.0,0.75,0.0
11,521430,30,b,-10.0,down,0.5,0.75,0.0,0.75,0.0
11,521430,30,b,20.0,up,0.5,0.75,0.0,0.75,0.0
11,521430,30,b,-20.0,down,0.5,0.75,0.0,0.75,0.0
11,521430,30,b,30.0,up,0.5,0.75,0.0,0.75,0.0
11,521430,30,b,-30.0,down,0.5,0.75,0.0,0.75,0.0
11,521430,30,v_scale,5.0,up,0.5,0.75,0.0,0.75,0.0
11,521430,30,v_scale,-5.0,down,0.5,0.75,0.0,0.75,0.0
11,521430,30,v_scale,10.0,up,0.5,0.75,0.0,0.75,0.0
11,521430,30,v_scale,-10.0,down,0.5,0.75,0.0,0.75,0.0
11,521430,30,v_scale,20.0,up,0.5,0.75,0.0,0.75,0.0
11,521430,30,v_scale,-20.0,down,0.5,0.75,0.0,0.75,0.0
11,521430,30,v_scale,30.0,up,0.5,0.75,0.0,0.75,0.0
11,521430,30,v_scale,-30.0,down,0.5,0.75,0.0,0.75,0.0
11,521430,30,R_off,5.0,up,0.5,0.75,0.0,0.75,0.0
11,521430,30,R_off,-5.0,down,0.5,0.75,0.0,0.75,0.0
11,521430,30,R_off,10.0,up,0.5,0.75,0.0,0.75,0.0
11,521430,30,R_off,-10.0,down,0.5,0.75,0.0,0.75,0.0
11,521430,30,R_off,20.0,up,0.5,0.75,0.0,0.75,0.0
11,521430,30,R_off,-20.0,down,0.5,0.75,0.0,0.75,0.0
11,521430,30,R_off,30.0,up,0.5,0.75,0.0,0.75,0.0
11,521430,30,R_off,-30.0,down,0.5,0.75,0.0,0.75,0.0
11,521430,30,R_on,5.0,up,0.5,0.75,0.0,0.75,0.0
11,521430,30,R_on,-5.0,down,0.5,0.75,0.0,0.75,0.0
11,521430,30,R_on,10.0,up,0.5,0.75,0.0,0.75,0.0
11,521430,30,R_on,-10.0,down,0.5,0.75,0.0,0.75,0.0
11,521430,30,R_on,20.0,up,0.5,0.75,0.0,0.75,0.0
11,521430,30,R_on,-20.0,down,0.5,0.75,0.0,0.75,0.0
11,521430,30,R_on,30.0,up,0.5,0.75,0.0,0.75,0.0
11,521430,30,R_on,-30.0,down,0.5,0.75,0.0,0.75,0.0
11,521430,30,alpha,5.0,up,0.5,0.75,0.0,0.75,0.0
11,521430,30,alpha,-5.0,down,0.5,0.75,0.0,0.75,0.0
11,521430,30,alpha,10.0,up,0.5,0.75,0.0,0.75,0.0
11,521430,30,alpha,-10.0,down,0.5,0.75,0.0,0.75,0.0
11,521430,30,alpha,20.0,up,0.5,0.75,0.0,0.75,0.0
11,521430,30,alpha,-20.0,down,0.5,0.75,0.0,0.75,0.0
11,521430,30,alpha,30.0,up,0.5,0.75,0.0,0.75,0.0
11,521430,30,alpha,-30.0,down,0.5,0.75,0.0,0.75,0.0
12,954698,30,none,0.0,none,0.5,0.5,0.0,0.5,0.0
12,954698,30,tau_v,5.0,up,0.5,0.5,0.0,0.5,0.0
12,954698,30,tau_v,-5.0,down,0.5,0.5,0.0,0.5,0.0
12,954698,30,tau_v,10.0,up,0.5,0.5,0.0,0.5,0.0
12,954698,30,tau_v,-10.0,down,0.5,0.5,0.0,0.5,0.0
12,954698,30,tau_v,20.0,up,0.5,0.5,0.0,0.5,0.0
12,954698,30,tau_v,-20.0,down,0.5,0.5,0.0,0.5,0.0
12,954698,30,tau_v,30.0,up,0.5,0.5,0.0,0.5,0.0
12,954698,30,tau_v,-30.0,down,0.5,0.5,0.0,0.5,0.0
12,954698,30,tau_w,5.0,up,0.5,0.5,0.0,0.5,0.0
12,954698,30,tau_w,-5.0,down,0.5,0.5,0.0,0.5,0.0
12,954698,30,tau_w,10.0,up,0.5,0.5,0.0,0.5,0.0
12,954698,30,tau_w,-10.0,down,0.5,0.5,0.0,0.5,0.0
12,954698,30,tau_w,20.0,up,0.5,0.5,0.0,0.5,0.0
12,954698,30,tau_w,-20.0,down,0.5,0.5,0.0,0.5,0.0
12,954698,30,tau_w,30.0,up,0.5,0.5,0.0,0.5,0.0
12,954698,30,tau_w,-30.0,down,0.5,0.5,0.0,0.5,0.0
12,954698,30,a,5.0,up,0.5,0.5,0.0,0.5,0.0
12,954698,30,a,-5.0,down,0.5,0.5,0.0,0.5,0.0
12,954698,30,a,10.0,up,0.5,0.5,0.0,0.5,0.0
12,954698,30,a,-10.0,down,0.5,0.5,0.0,0.5,0.0
12,954698,30,a,20.0,up,0.5,0.5,0.0,0.5,0.0
12,954698,30,a,-20.0,down,0.5,0.5,0.0,0.5,0.0
12,954698,30,a,30.0,up,0.5,0.5,0.0,0.5,0.0
12,954698,30,a,-30.0,down,0.5,0.5,0.0,0.5,0.0
12,954698,30,b,5.0,up,0.5,0.5,0.0,0.5,0.0
12,954698,30,b,-5.0,down,0.5,0.5,0.0,0.5,0.0
12,954698,30,b,10.0,up,0.5,0.5,0.0,0.5,0.0
12,954698,30,b,-10.0,down,0.5,0.5,0.0,0.5,0.0
12,954698,30,b,20.0,up,0.5,0.5,0.0,0.5,0.0
12,954698,30,b,-20.0,down,0.5,0.5,0.0,0.5,0.0
12,954698,30,b,30.0,up,0.5,0.5,0.0,0.5,0.0
12,954698,30,b,-30.0,down,0.5,0.5,0.0,0.5,0.0
12,954698,30,v_scale,5.0,up,0.5,0.5,0.0,0.5,0.0
12,954698,30,v_scale,-5.0,down,0.5,0.5,0.0,0.5,0.0
12,954698,30,v_scale,10.0,up,0.5,0.5,0.0,0.5,0.0
12,954698,30,v_scale,-10.0,down,0.5,0.5,0.0,0.5,0.0
12,954698,30,v_scale,20.0,up,0.5,0.5,0.0,0.5,0.0
12,954698,30,v_scale,-20.0,down,0.5,0.5,0.0,0.5,0.0
12,954698,30,v_scale,30.0,up,0.5,0.5,0.0,0.5,0.0
12,954698,30,v_scale,-30.0,down,0.5,0.5,0.0,0.5,0.0
12,954698,30,R_off,5.0,up,0.5,0.5,0.0,0.5,0.0
12,954698,30,R_off,-5.0,down,0.5,0.5,0.0,0.5,0.0
12,954698,30,R_off,10.0,up,0.5,0.5,0.0,0.5,0.0
12,954698,30,R_off,-10.0,down,0.5,0.5,0.0,0.5,0.0
12,954698,30,R_off,20.0,up,0.5,0.5,0.0,0.5,0.0
12,954698,30,R_off,-20.0,down,0.5,0.5,0.0,0.5,0.0
12,954698,30,R_off,30.0,up,0.5,0.5,0.0,0.5,0.0
12,954698,30,R_off,-30.0,down,0.5,0.5,0.0,0.5,0.0
12,954698,30,R_on,5.0,up,0.5,0.5,0.0,0.5,0.0
12,954698,30,R_on,-5.0,down,0.5,0.5,0.0,0.5,0.0
12,954698,30,R_on,10.0,up,0.5,0.5,0.0,0.5,0.0
12,954698,30,R_on,-10.0,down,0.5,0.5,0.0,0.5,0.0
12,954698,30,R_on,20.0,up,0.5,0.5,0.0,0.5,0.0
12,954698,30,R_on,-20.0,down,0.5,0.5,0.0,0.5,0.0
12,954698,30,R_on,30.0,up,0.5,0.5,0.0,0.5,0.0
12,954698,30,R_on,-30.0,down,0.5,0.5,0.0,0.5,0.0
12,954698,30,alpha,5.0,up,0.5,0.5,0.0,0.5,0.0
12,954698,30,alpha,-5.0,down,0.5,0.5,0.0,0.5,0.0
12,954698,30,alpha,10.0,up,0.5,0.5,0.0,0.5,0.0
12,954698,30,alpha,-10.0,down,0.5,0.5,0.0,0.5,0.0
12,954698,30,alpha,20.0,up,0.5,0.5,0.0,0.5,0.0
12,954698,30,alpha,-20.0,down,0.5,0.5,0.0,0.5,0.0
12,954698,30,alpha,30.0,up,0.5,0.5,0.0,0.5,0.0
12,954698,30,alpha,-30.0,down,0.5,0.5,0.0,0.5,0.0
13,87498,80,none,0.0,none,0.75,0.75,0.0,0.75,0.226245794099884
13,87498,80,tau_v,5.0,up,0.75,0.75,0.0,0.75,0.226245794099884
13,87498,80,tau_v,-5.0,down,0.75,0.75,0.0,0.75,0.226245794099884
13,87498,80,tau_v,10.0,up,0.75,0.75,0.0,0.75,0.226245794099884
13,87498,80,tau_v,-10.0,down,0.75,0.75,0.0,0.75,0.226245794099884
13,87498,80,tau_v,20.0,up,0.75,0.75,0.0,0.75,0.226245794099884
13,87498,80,tau_v,-20.0,down,0.75,0.75,0.0,0.75,0.226245794099884
13,87498,80,tau_v,30.0,up,0.75,0.75,0.0,0.75,0.226245794099884
13,87498,80,tau_v,-30.0,down,0.75,0.75,0.0,0.75,0.226245794099884
13,87498,80,tau_w,5.0,up,0.75,0.75,0.0,0.75,0.226245794099884
13,87498,80,tau_w,-5.0,down,0.75,0.75,0.0,0.75,0.226245794099884
13,87498,80,tau_w,10.0,up,0.75,0.75,0.0,0.75,0.226245794099884
13,87498,80,tau_w,-10.0,down,0.75,0.75,0.0,0.75,0.226245794099884
13,87498,80,tau_w,20.0,up,0.75,0.75,0.0,0.75,0.226245794099884
13,87498,80,tau_w,-20.0,down,0.75,0.75,0.0,0.75,0.226245794099884
13,87498,80,tau_w,30.0,up,0.75,0.75,0.0,0.75,0.226245794099884
13,87498,80,tau_w,-30.0,down,0.75,0.75,0.0,0.75,0.226245794099884
13,87498,80,a,5.0,up,0.75,0.75,0.0,0.75,0.226245794099884
13,87498,80,a,-5.0,down,0.75,0.75,0.0,0.75,0.226245794099884
13,87498,80,a,10.0,up,0.75,0.75,0.0,0.75,0.226245794099884
13,87498,80,a,-10.0,down,0.75,0.75,0.0,0.75,0.226245794099884
13,87498,80,a,20.0,up,0.5,0.75,0.0,0.75,0.226245794099884
13,87498,80,a,-20.0,down,0.75,0.75,0.0,0.75,0.226245794099884
13,87498,80,a,30.0,up,0.5,0.75,0.0,0.75,0.226245794099884
13,87498,80,a,-30.0,down,0.75,0.75,0.0,0.75,0.226245794099884
13,87498,80,b,5.0,up,0.75,0.75,0.0,0.75,0.226245794099884
13,87498,80,b,-5.0,down,0.75,0.75,0.0,0.75,0.226245794099884
13,87498,80,b,10.0,up,0.75,0.75,0.0,0.75,0.226245794099884
13,87498,80,b,-10.0,down,0.75,0.75,0.0,0.75,0.226245794099884
13,87498,80,b,20.0,up,0.75,0.75,0.0,0.75,0.226245794099884
13,87498,80,b,-20.0,down,0.75,0.75,0.0,0.75,0.226245794099884
13,87498,80,b,30.0,up,0.75,0.75,0.0,0.75,0.226245794099884
13,87498,80,b,-30.0,down,0.75,0.75,0.0,0.75,0.226245794099884
13,87498,80,v_scale,5.0,up,0.75,0.75,0.0,0.75,0.226245794099884
13,87498,80,v_scale,-5.0,down,0.75,0.75,0.0,0.75,0.226245794099884
13,87498,80,v_scale,10.0,up,0.75,0.75,0.0,0.75,0.226245794099884
13,87498,80,v_scale,-10.0,down,0.75,0.75,0.0,0.75,0.226245794099884
13,87498,80,v_scale,20.0,up,0.75,0.75,0.0,0.75,0.226245794099884
13,87498,80,v_scale,-20.0,down,0.75,0.75,0.0,0.75,0.226245794099884
13,87498,80,v_scale,30.0,up,0.75,0.75,0.0,0.75,0.226245794099884
13,87498,80,v_scale,-30.0,down,0.75,0.75,0.0,0.75,0.226245794099884
13,87498,80,R_off,5.0,up,0.75,0.75,0.0,0.75,0.226245794099884
13,87498,80,R_off,-5.0,down,0.75,0.75,0.0,0.75,0.226245794099884
13,87498,80,R_off,10.0,up,0.75,0.75,0.0,0.75,0.226245794099884
13,87498,80,R_off,-10.0,down,0.75,0.75,0.0,0.75,0.226245794099884
13,87498,80,R_off,20.0,up,0.75,0.75,0.0,0.75,0.226245794099884
13,87498,80,R_off,-20.0,down,0.75,0.75,0.0,0.75,0.226245794099884
13,87498,80,R_off,30.0,up,0.75,0.75,0.0,0.75,0.226245794099884
13,87498,80,R_off,-30.0,down,0.75,0.75,0.0,0.75,0.226245794099884
13,87498,80,R_on,5.0,up,0.75,0.75,0.0,0.75,0.226245794099884
13,87498,80,R_on,-5.0,down,0.75,0.75,0.0,0.75,0.226245794099884
13,87498,80,R_on,10.0,up,0.75,0.75,0.0,0.75,0.226245794099884
13,87498,80,R_on,-10.0,down,0.75,0.75,0.0,0.75,0.226245794099884
13,87498,80,R_on,20.0,up,0.75,0.75,0.0,0.75,0.226245794099884
13,87498,80,R_on,-20.0,down,0.75,0.75,0.0,0.75,0.226245794099884
13,87498,80,R_on,30.0,up,0.75,0.75,0.0,0.75,0.226245794099884
13,87498,80,R_on,-30.0,down,0.75,0.75,0.0,0.75,0.226245794099884
13,87498,80,alpha,5.0,up,0.75,0.75,0.0,0.75,0.226245794099884
13,87498,80,alpha,-5.0,down,0.75,0.75,0.0,0.75,0.226245794099884
13,87498,80,alpha,10.0,up,0.75,0.75,0.0,0.75,0.226245794099884
13,87498,80,alpha,-10.0,down,0.75,0.75,0.0,0.75,0.226245794099884
13,87498,80,alpha,20.0,up,0.75,0.75,0.0,0.75,0.226245794099884
13,87498,80,alpha,-20.0,down,0.75,0.75,0.0,0.75,0.226245794099884
13,87498,80,alpha,30.0,up,0.75,0.75,0.0,0.75,0.226245794099884
13,87498,80,alpha,-30.0,down,0.75,0.75,0.0,0.75,0.226245794099884
14,899159,30,none,0.0,none,0.5,0.5,0.0,0.5,0.0
14,899159,30,tau_v,5.0,up,0.5,0.5,0.0,0.5,0.0
14,899159,30,tau_v,-5.0,down,0.5,0.5,0.0,0.5,0.0
14,899159,30,tau_v,10.0,up,0.5,0.5,0.0,0.5,0.0
14,899159,30,tau_v,-10.0,down,0.5,0.5,0.0,0.5,0.0
14,899159,30,tau_v,20.0,up,0.5,0.5,0.0,0.5,0.0
14,899159,30,tau_v,-20.0,down,0.5,0.5,0.0,0.5,0.0
14,899159,30,tau_v,30.0,up,0.5,0.5,0.0,0.5,0.0
14,899159,30,tau_v,-30.0,down,0.5,0.5,0.0,0.5,0.0
14,899159,30,tau_w,5.0,up,0.5,0.5,0.0,0.5,0.0
14,899159,30,tau_w,-5.0,down,0.5,0.5,0.0,0.5,0.0
14,899159,30,tau_w,10.0,up,0.5,0.5,0.0,0.5,0.0
14,899159,30,tau_w,-10.0,down,0.5,0.5,0.0,0.5,0.0
14,899159,30,tau_w,20.0,up,0.5,0.5,0.0,0.5,0.0
14,899159,30,tau_w,-20.0,down,0.5,0.5,0.0,0.5,0.0
14,899159,30,tau_w,30.0,up,0.5,0.5,0.0,0.5,0.0
14,899159,30,tau_w,-30.0,down,0.5,0.5,0.0,0.5,0.0
14,899159,30,a,5.0,up,0.5,0.5,0.0,0.5,0.0
14,899159,30,a,-5.0,down,0.5,0.5,0.0,0.5,0.0
14,899159,30,a,10.0,up,0.5,0.5,0.0,0.5,0.0
14,899159,30,a,-10.0,down,0.5,0.5,0.0,0.5,0.0
14,899159,30,a,20.0,up,0.5,0.5,0.0,0.5,0.0
14,899159,30,a,-20.0,down,0.5,0.5,0.0,0.5,0.0
14,899159,30,a,30.0,up,0.5,0.5,0.0,0.5,0.0
14,899159,30,a,-30.0,down,0.5,0.5,0.0,0.5,0.0
14,899159,30,b,5.0,up,0.5,0.5,0.0,0.5,0.0
14,899159,30,b,-5.0,down,0.5,0.5,0.0,0.5,0.0
14,899159,30,b,10.0,up,0.5,0.5,0.0,0.5,0.0
14,899159,30,b,-10.0,down,0.5,0.5,0.0,0.5,0.0
14,899159,30,b,20.0,up,0.5,0.5,0.0,0.5,0.0
14,899159,30,b,-20.0,down,0.5,0.5,0.0,0.5,0.0
14,899159,30,b,30.0,up,0.5,0.5,0.0,0.5,0.0
14,899159,30,b,-30.0,down,0.5,0.5,0.0,0.5,0.0
14,899159,30,v_scale,5.0,up,0.5,0.5,0.0,0.5,0.0
14,899159,30,v_scale,-5.0,down,0.5,0.5,0.0,0.5,0.0
14,899159,30,v_scale,10.0,up,0.5,0.5,0.0,0.5,0.0
14,899159,30,v_scale,-10.0,down,0.5,0.5,0.0,0.5,0.0
14,899159,30,v_scale,20.0,up,0.5,0.5,0.0,0.5,0.0
14,899159,30,v_scale,-20.0,down,0.5,0.5,0.0,0.5,0.0
14,899159,30,v_scale,30.0,up,0.5,0.5,0.0,0.5,0.0
14,899159,30,v_scale,-30.0,down,0.5,0.5,0.0,0.5,0.0
14,899159,30,R_off,5.0,up,0.5,0.5,0.0,0.5,0.0
14,899159,30,R_off,-5.0,down,0.5,0.5,0.0,0.5,0.0
14,899159,30,R_off,10.0,up,0.5,0.5,0.0,0.5,0.0
14,899159,30,R_off,-10.0,down,0.5,0.5,0.0,0.5,0.0
14,899159,30,R_off,20.0,up,0.5,0.5,0.0,0.5,0.0
14,899159,30,R_off,-20.0,down,0.5,0.5,0.0,0.5,0.0
14,899159,30,R_off,30.0,up,0.5,0.5,0.0,0.5,0.0
14,899159,30,R_off,-30.0,down,0.5,0.5,0.0,0.5,0.0
14,899159,30,R_on,5.0,up,0.5,0.5,0.0,0.5,0.0
14,899159,30,R_on,-5.0,down,0.5,0.5,0.0,0.5,0.0
14,899159,30,R_on,10.0,up,0.5,0.5,0.0,0.5,0.0
14,899159,30,R_on,-10.0,down,0.5,0.5,0.0,0.5,0.0
14,899159,30,R_on,20.0,up,0.5,0.5,0.0,0.5,0.0
14,899159,30,R_on,-20.0,down,0.5,0.5,0.0,0.5,0.0
14,899159,30,R_on,30.0,up,0.5,0.5,0.0,0.5,0.0
14,899159,30,R_on,-30.0,down,0.5,0.5,0.0,0.5,0.0
14,899159,30,alpha,5.0,up,0.5,0.5,0.0,0.5,0.0
14,899159,30,alpha,-5.0,down,0.5,0.5,0.0,0.5,0.0
14,899159,30,alpha,10.0,up,0.5,0.5,0.0,0.5,0.0
14,899159,30,alpha,-10.0,down,0.5,0.5,0.0,0.5,0.0
14,899159,30,alpha,20.0,up,0.5,0.5,0.0,0.5,0.0
14,899159,30,alpha,-20.0,down,0.5,0.5,0.0,0.5,0.0
14,899159,30,alpha,30.0,up,0.5,0.5,0.0,0.5,0.0
14,899159,30,alpha,-30.0,down,0.5,0.5,0.0,0.5,0.0
15,912756,80,none,0.0,none,0.5,0.5,0.0,0.5,0.0
15,912756,80,tau_v,5.0,up,0.5,0.5,0.0,0.5,0.0
15,912756,80,tau_v,-5.0,down,0.5,0.5,0.0,0.5,0.0
15,912756,80,tau_v,10.0,up,0.5,0.5,0.0,0.5,0.0
15,912756,80,tau_v,-10.0,down,0.5,0.5,0.0,0.5,0.0
15,912756,80,tau_v,20.0,up,0.5,0.5,0.0,0.5,0.0
15,912756,80,tau_v,-20.0,down,0.5,0.5,0.0,0.5,0.0
15,912756,80,tau_v,30.0,up,0.5,0.5,0.0,0.5,0.0
15,912756,80,tau_v,-30.0,down,0.5,0.5,0.0,0.5,0.0
15,912756,80,tau_w,5.0,up,0.5,0.5,0.0,0.5,0.0
15,912756,80,tau_w,-5.0,down,0.5,0.5,0.0,0.5,0.0
15,912756,80,tau_w,10.0,up,0.5,0.5,0.0,0.5,0.0
15,912756,80,tau_w,-10.0,down,0.5,0.5,0.0,0.5,0.0
15,912756,80,tau_w,20.0,up,0.5,0.5,0.0,0.5,0.0
15,912756,80,tau_w,-20.0,down,0.5,0.5,0.0,0.5,0.0
15,912756,80,tau_w,30.0,up,0.5,0.5,0.0,0.5,0.0
15,912756,80,tau_w,-30.0,down,0.5,0.5,0.0,0.5,0.0
15,912756,80,a,5.0,up,0.5,0.5,0.0,0.5,0.0
15,912756,80,a,-5.0,down,0.5,0.5,0.0,0.5,0.0
15,912756,80,a,10.0,up,0.5,0.5,0.0,0.5,0.0
15,912756,80,a,-10.0,down,0.5,0.5,0.0,0.5,0.0
15,912756,80,a,20.0,up,0.5,0.5,0.0,0.5,0.0
15,912756,80,a,-20.0,down,0.5,0.5,0.0,0.5,0.0
15,912756,80,a,30.0,up,0.5,0.5,0.0,0.5,0.0
15,912756,80,a,-30.0,down,0.5,0.5,0.0,0.5,0.0
15,912756,80,b,5.0,up,0.5,0.5,0.0,0.5,0.0
15,912756,80,b,-5.0,down,0.5,0.5,0.0,0.5,0.0
15,912756,80,b,10.0,up,0.5,0.5,0.0,0.5,0.0
15,912756,80,b,-10.0,down,0.5,0.5,0.0,0.5,0.0
15,912756,80,b,20.0,up,0.5,0.5,0.0,0.5,0.0
15,912756,80,b,-20.0,down,0.5,0.5,0.0,0.5,0.0
15,912756,80,b,30.0,up,0.5,0.5,0.0,0.5,0.0
15,912756,80,b,-30.0,down,0.5,0.5,0.0,0.5,0.0
15,912756,80,v_scale,5.0,up,0.5,0.5,0.0,0.5,0.0
15,912756,80,v_scale,-5.0,down,0.5,0.5,0.0,0.5,0.0
15,912756,80,v_scale,10.0,up,0.5,0.5,0.0,0.5,0.0
15,912756,80,v_scale,-10.0,down,0.5,0.5,0.0,0.5,0.0
15,912756,80,v_scale,20.0,up,0.5,0.5,0.0,0.5,0.0
15,912756,80,v_scale,-20.0,down,0.5,0.5,0.0,0.5,0.0
15,912756,80,v_scale,30.0,up,0.5,0.5,0.0,0.5,0.0
15,912756,80,v_scale,-30.0,down,0.5,0.5,0.0,0.5,0.0
15,912756,80,R_off,5.0,up,0.5,0.5,0.0,0.5,0.0
15,912756,80,R_off,-5.0,down,0.5,0.5,0.0,0.5,0.0
15,912756,80,R_off,10.0,up,0.5,0.5,0.0,0.5,0.0
15,912756,80,R_off,-10.0,down,0.5,0.5,0.0,0.5,0.0
15,912756,80,R_off,20.0,up,0.5,0.5,0.0,0.5,0.0
15,912756,80,R_off,-20.0,down,0.5,0.5,0.0,0.5,0.0
15,912756,80,R_off,30.0,up,0.5,0.5,0.0,0.5,0.0
15,912756,80,R_off,-30.0,down,0.5,0.5,0.0,0.5,0.0
15,912756,80,R_on,5.0,up,0.5,0.5,0.0,0.5,0.0
15,912756,80,R_on,-5.0,down,0.5,0.5,0.0,0.5,0.0
15,912756,80,R_on,10.0,up,0.5,0.5,0.0,0.5,0.0
15,912756,80,R_on,-10.0,down,0.5,0.5,0.0,0.5,0.0
15,912756,80,R_on,20.0,up,0.5,0.5,0.0,0.5,0.0
15,912756,80,R_on,-20.0,down,0.5,0.5,0.0,0.5,0.0
15,912756,80,R_on,30.0,up,0.5,0.5,0.0,0.5,0.0
15,912756,80,R_on,-30.0,down,0.5,0.5,0.0,0.5,0.0
15,912756,80,alpha,5.0,up,0.5,0.5,0.0,0.5,0.0
15,912756,80,alpha,-5.0,down,0.5,0.5,0.0,0.5,0.0
15,912756,80,alpha,10.0,up,0.5,0.5,0.0,0.5,0.0
15,912756,80,alpha,-10.0,down,0.5,0.5,0.0,0.5,0.0
15,912756,80,alpha,20.0,up,0.5,0.5,0.0,0.5,0.0
15,912756,80,alpha,-20.0,down,0.5,0.5,0.0,0.5,0.0
15,912756,80,alpha,30.0,up,0.5,0.5,0.0,0.5,0.0
15,912756,80,alpha,-30.0,down,0.5,0.5,0.0,0.5,0.0
16,175203,30,none,0.0,none,0.5,0.75,0.0,0.75,0.0010150222618511284
16,175203,30,tau_v,5.0,up,0.5,0.75,0.0,0.75,0.0010150222618511284
16,175203,30,tau_v,-5.0,down,0.5,0.75,0.0,0.75,0.0010150222618511284
16,175203,30,tau_v,10.0,up,0.5,0.75,0.0,0.75,0.0010150222618511284
16,175203,30,tau_v,-10.0,down,0.5,0.75,0.0,0.75,0.0010150222618511284
16,175203,30,tau_v,20.0,up,0.5,0.75,0.0,0.75,0.0010150222618511284
16,175203,30,tau_v,-20.0,down,0.5,0.75,0.0,0.75,0.0010150222618511284
16,175203,30,tau_v,30.0,up,0.5,0.75,0.0,0.75,0.0010150222618511284
16,175203,30,tau_v,-30.0,down,0.5,0.75,0.0,0.75,0.0010150222618511284
16,175203,30,tau_w,5.0,up,0.5,0.75,0.0,0.75,0.0010150222618511284
16,175203,30,tau_w,-5.0,down,0.5,0.75,0.0,0.75,0.0010150222618511284
16,175203,30,tau_w,10.0,up,0.5,0.75,0.0,0.75,0.0010150222618511284
16,175203,30,tau_w,-10.0,down,0.5,0.75,0.0,0.75,0.0010150222618511284
16,175203,30,tau_w,20.0,up,0.5,0.75,0.0,0.75,0.0010150222618511284
16,175203,30,tau_w,-20.0,down,0.5,0.75,0.0,0.75,0.0010150222618511284
16,175203,30,tau_w,30.0,up,0.5,0.75,0.0,0.75,0.0010150222618511284
16,175203,30,tau_w,-30.0,down,0.5,0.75,0.0,0.75,0.0010150222618511284
16,175203,30,a,5.0,up,0.5,0.75,0.0,0.75,0.0010150222618511284
16,175203,30,a,-5.0,down,0.5,0.75,0.0,0.75,0.0010150222618511284
16,175203,30,a,10.0,up,0.5,0.75,0.0,0.75,0.0010150222618511284
16,175203,30,a,-10.0,down,0.5,0.75,0.0,0.75,0.0010150222618511284
16,175203,30,a,20.0,up,0.5,0.75,0.0,0.75,0.0010150222618511284
16,175203,30,a,-20.0,down,0.5,0.75,0.0,0.75,0.0010150222618511284
16,175203,30,a,30.0,up,0.5,0.75,0.0,0.75,0.0010150222618511284
16,175203,30,a,-30.0,down,0.5,0.75,0.0,0.75,0.0010150222618511284
16,175203,30,b,5.0,up,0.5,0.75,0.0,0.75,0.0010150222618511284
16,175203,30,b,-5.0,down,0.5,0.75,0.0,0.75,0.0010150222618511284
16,175203,30,b,10.0,up,0.5,0.75,0.0,0.75,0.0010150222618511284
16,175203,30,b,-10.0,down,0.5,0.75,0.0,0.75,0.0010150222618511284
16,175203,30,b,20.0,up,0.5,0.75,0.0,0.75,0.0010150222618511284
16,175203,30,b,-20.0,down,0.5,0.75,0.0,0.75,0.0010150222618511284
16,175203,30,b,30.0,up,0.5,0.75,0.0,0.75,0.0010150222618511284
16,175203,30,b,-30.0,down,0.5,0.75,0.0,0.75,0.0010150222618511284
16,175203,30,v_scale,5.0,up,0.5,0.75,0.0,0.75,0.0010150222618511284
16,175203,30,v_scale,-5.0,down,0.5,0.75,0.0,0.75,0.0010150222618511284
16,175203,30,v_scale,10.0,up,0.5,0.75,0.0,0.75,0.0010150222618511284
16,175203,30,v_scale,-10.0,down,0.5,0.75,0.0,0.75,0.0010150222618511284
16,175203,30,v_scale,20.0,up,0.5,0.75,0.0,0.75,0.0010150222618511284
16,175203,30,v_scale,-20.0,down,0.5,0.75,0.0,0.75,0.0010150222618511284
16,175203,30,v_scale,30.0,up,0.5,0.75,0.0,0.75,0.0010150222618511284
16,175203,30,v_scale,-30.0,down,0.5,0.75,0.0,0.75,0.0010150222618511284
16,175203,30,R_off,5.0,up,0.5,0.75,0.0,0.75,0.0010150222618511284
16,175203,30,R_off,-5.0,down,0.5,0.75,0.0,0.75,0.0010150222618511284
16,175203,30,R_off,10.0,up,0.5,0.75,0.0,0.75,0.0010150222618511284
16,175203,30,R_off,-10.0,down,0.5,0.75,0.0,0.75,0.0010150222618511284
16,175203,30,R_off,20.0,up,0.5,0.75,0.0,0.75,0.0010150222618511284
16,175203,30,R_off,-20.0,down,0.5,0.75,0.0,0.75,0.0010150222618511284
16,175203,30,R_off,30.0,up,0.5,0.75,0.0,0.75,0.0010150222618511284
16,175203,30,R_off,-30.0,down,0.5,0.75,0.0,0.75,0.0010150222618511284
16,175203,30,R_on,5.0,up,0.5,0.75,0.0,0.75,0.0010150222618511284
16,175203,30,R_on,-5.0,down,0.5,0.75,0.0,0.75,0.0010150222618511284
16,175203,30,R_on,10.0,up,0.5,0.75,0.0,0.75,0.0010150222618511284
16,175203,30,R_on,-10.0,down,0.5,0.75,0.0,0.75,0.0010150222618511284
16,175203,30,R_on,20.0,up,0.5,0.75,0.0,0.75,0.0010150222618511284
16,175203,30,R_on,-20.0,down,0.5,0.75,0.0,0.75,0.0010150222618511284
16,175203,30,R_on,30.0,up,0.5,0.75,0.0,0.75,0.0010150222618511284
16,175203,30,R_on,-30.0,down,0.5,0.75,0.0,0.75,0.0010150222618511284
16,175203,30,alpha,5.0,up,0.5,0.75,0.0,0.75,0.0010150222618511284
16,175203,30,alpha,-5.0,down,0.5,0.75,0.0,0.75,0.0010150222618511284
16,175203,30,alpha,10.0,up,0.5,0.75,0.0,0.75,0.0010150222618511284
16,175203,30,alpha,-10.0,down,0.5,0.75,0.0,0.75,0.0010150222618511284
16,175203,30,alpha,20.0,up,0.5,0.75,0.0,0.75,0.0010150222618511284
16,175203,30,alpha,-20.0,down,0.5,0.75,0.0,0.75,0.0010150222618511284
16,175203,30,alpha,30.0,up,0.5,0.75,0.0,0.75,0.0010150222618511284
16,175203,30,alpha,-30.0,down,0.5,0.75,0.0,0.75,0.0010150222618511284
17,191335,30,none,0.0,none,0.5,0.5,0.0,0.5,0.0
17,191335,30,tau_v,5.0,up,0.5,0.5,0.0,0.5,0.0
17,191335,30,tau_v,-5.0,down,0.5,0.5,0.0,0.5,0.0
17,191335,30,tau_v,10.0,up,0.5,0.5,0.0,0.5,0.0
17,191335,30,tau_v,-10.0,down,0.5,0.5,0.0,0.5,0.0
17,191335,30,tau_v,20.0,up,0.5,0.5,0.0,0.5,0.0
17,191335,30,tau_v,-20.0,down,0.5,0.5,0.0,0.5,0.0
17,191335,30,tau_v,30.0,up,0.5,0.5,0.0,0.5,0.0
17,191335,30,tau_v,-30.0,down,0.5,0.5,0.0,0.5,0.0
17,191335,30,tau_w,5.0,up,0.5,0.5,0.0,0.5,0.0
17,191335,30,tau_w,-5.0,down,0.5,0.5,0.0,0.5,0.0
17,191335,30,tau_w,10.0,up,0.5,0.5,0.0,0.5,0.0
17,191335,30,tau_w,-10.0,down,0.5,0.5,0.0,0.5,0.0
17,191335,30,tau_w,20.0,up,0.5,0.5,0.0,0.5,0.0
17,191335,30,tau_w,-20.0,down,0.5,0.5,0.0,0.5,0.0
17,191335,30,tau_w,30.0,up,0.5,0.5,0.0,0.5,0.0
17,191335,30,tau_w,-30.0,down,0.5,0.5,0.0,0.5,0.0
17,191335,30,a,5.0,up,0.5,0.5,0.0,0.5,0.0
17,191335,30,a,-5.0,down,0.5,0.5,0.0,0.5,0.0
17,191335,30,a,10.0,up,0.5,0.5,0.0,0.5,0.0
17,191335,30,a,-10.0,down,0.5,0.5,0.0,0.5,0.0
17,191335,30,a,20.0,up,0.5,0.5,0.0,0.5,0.0
17,191335,30,a,-20.0,down,0.75,0.5,0.0,0.5,0.0
17,191335,30,a,30.0,up,0.5,0.5,0.0,0.5,0.0
17,191335,30,a,-30.0,down,0.5,0.5,0.0,0.5,0.0
17,191335,30,b,5.0,up,0.5,0.5,0.0,0.5,0.0
17,191335,30,b,-5.0,down,0.5,0.5,0.0,0.5,0.0
17,191335,30,b,10.0,up,0.5,0.5,0.0,0.5,0.0
17,191335,30,b,-10.0,down,0.5,0.5,0.0,0.5,0.0
17,191335,30,b,20.0,up,0.5,0.5,0.0,0.5,0.0
17,191335,30,b,-20.0,down,0.5,0.5,0.0,0.5,0.0
17,191335,30,b,30.0,up,0.5,0.5,0.0,0.5,0.0
17,191335,30,b,-30.0,down,0.5,0.5,0.0,0.5,0.0
17,191335,30,v_scale,5.0,up,0.5,0.5,0.0,0.5,0.0
17,191335,30,v_scale,-5.0,down,0.5,0.5,0.0,0.5,0.0
17,191335,30,v_scale,10.0,up,0.5,0.5,0.0,0.5,0.0
17,191335,30,v_scale,-10.0,down,0.5,0.5,0.0,0.5,0.0
17,191335,30,v_scale,20.0,up,0.5,0.5,0.0,0.5,0.0
17,191335,30,v_scale,-20.0,down,0.5,0.5,0.0,0.5,0.0
17,191335,30,v_scale,30.0,up,0.5,0.5,0.0,0.5,0.0
17,191335,30,v_scale,-30.0,down,0.5,0.5,0.0,0.5,0.0
17,191335,30,R_off,5.0,up,0.5,0.5,0.0,0.5,0.0
17,191335,30,R_off,-5.0,down,0.5,0.5,0.0,0.5,0.0
17,191335,30,R_off,10.0,up,0.5,0.5,0.0,0.5,0.0
17,191335,30,R_off,-10.0,down,0.5,0.5,0.0,0.5,0.0
17,191335,30,R_off,20.0,up,0.5,0.5,0.0,0.5,0.0
17,191335,30,R_off,-20.0,down,0.5,0.5,0.0,0.5,0.0
17,191335,30,R_off,30.0,up,0.5,0.5,0.0,0.5,0.0
17,191335,30,R_off,-30.0,down,0.5,0.5,0.0,0.5,0.0
17,191335,30,R_on,5.0,up,0.5,0.5,0.0,0.5,0.0
17,191335,30,R_on,-5.0,down,0.5,0.5,0.0,0.5,0.0
17,191335,30,R_on,10.0,up,0.5,0.5,0.0,0.5,0.0
17,191335,30,R_on,-10.0,down,0.5,0.5,0.0,0.5,0.0
17,191335,30,R_on,20.0,up,0.5,0.5,0.0,0.5,0.0
17,191335,30,R_on,-20.0,down,0.5,0.5,0.0,0.5,0.0
17,191335,30,R_on,30.0,up,0.5,0.5,0.0,0.5,0.0
17,191335,30,R_on,-30.0,down,0.5,0.5,0.0,0.5,0.0
17,191335,30,alpha,5.0,up,0.5,0.5,0.0,0.5,0.0
17,191335,30,alpha,-5.0,down,0.5,0.5,0.0,0.5,0.0
17,191335,30,alpha,10.0,up,0.5,0.5,0.0,0.5,0.0
17,191335,30,alpha,-10.0,down,0.5,0.5,0.0,0.5,0.0
17,191335,30,alpha,20.0,up,0.5,0.5,0.0,0.5,0.0
17,191335,30,alpha,-20.0,down,0.5,0.5,0.0,0.5,0.0
17,191335,30,alpha,30.0,up,0.5,0.5,0.0,0.5,0.0
17,191335,30,alpha,-30.0,down,0.5,0.5,0.0,0.5,0.0
18,278167,80,none,0.0,none,0.5,0.75,0.0,0.75,0.13093364414602515
18,278167,80,tau_v,5.0,up,0.5,0.75,0.0,0.75,0.13093364414602515
18,278167,80,tau_v,-5.0,down,0.75,0.75,0.0,0.75,0.13093364414602515
18,278167,80,tau_v,10.0,up,0.5,0.75,0.0,0.75,0.13093364414602515
18,278167,80,tau_v,-10.0,down,0.75,0.75,0.0,0.75,0.13093364414602515
18,278167,80,tau_v,20.0,up,0.5,0.75,0.0,0.75,0.13093364414602515
18,278167,80,tau_v,-20.0,down,0.75,0.75,0.0,0.75,0.13093364414602515
18,278167,80,tau_v,30.0,up,0.5,0.75,0.0,0.75,0.13093364414602515
18,278167,80,tau_v,-30.0,down,0.75,0.75,0.0,0.75,0.13093364414602515
18,278167,80,tau_w,5.0,up,0.75,0.75,0.0,0.75,0.13093364414602515
18,278167,80,tau_w,-5.0,down,0.5,0.75,0.0,0.75,0.13093364414602515
18,278167,80,tau_w,10.0,up,0.75,0.75,0.0,0.75,0.13093364414602515
18,278167,80,tau_w,-10.0,down,0.5,0.75,0.0,0.75,0.13093364414602515
18,278167,80,tau_w,20.0,up,0.75,0.75,0.0,0.75,0.13093364414602515
18,278167,80,tau_w,-20.0,down,0.5,0.75,0.0,0.75,0.13093364414602515
18,278167,80,tau_w,30.0,up,0.75,0.75,0.0,0.75,0.13093364414602515
18,278167,80,tau_w,-30.0,down,0.5,0.75,0.0,0.75,0.13093364414602515
18,278167,80,a,5.0,up,0.5,0.75,0.0,0.75,0.13093364414602515
18,278167,80,a,-5.0,down,0.75,0.75,0.0,0.75,0.13093364414602515
18,278167,80,a,10.0,up,0.5,0.75,0.0,0.75,0.13093364414602515
18,278167,80,a,-10.0,down,0.75,0.75,0.0,0.75,0.13093364414602515
18,278167,80,a,20.0,up,0.5,0.75,0.0,0.75,0.13093364414602515
18,278167,80,a,-20.0,down,0.75,0.75,0.0,0.75,0.13093364414602515
18,278167,80,a,30.0,up,0.5,0.75,0.0,0.75,0.13093364414602515
18,278167,80,a,-30.0,down,0.75,0.75,0.0,0.75,0.13093364414602515
18,278167,80,b,5.0,up,0.5,0.75,0.0,0.75,0.13093364414602515
18,278167,80,b,-5.0,down,0.75,0.75,0.0,0.75,0.13093364414602515
18,278167,80,b,10.0,up,0.5,0.75,0.0,0.75,0.13093364414602515
18,278167,80,b,-10.0,down,0.75,0.75,0.0,0.75,0.13093364414602515
18,278167,80,b,20.0,up,0.5,0.75,0.0,0.75,0.13093364414602515
18,278167,80,b,-20.0,down,0.75,0.75,0.0,0.75,0.13093364414602515
18,278167,80,b,30.0,up,0.5,0.75,0.0,0.75,0.13093364414602515
18,278167,80,b,-30.0,down,0.75,0.75,0.0,0.75,0.13093364414602515
18,278167,80,v_scale,5.0,up,0.5,0.75,0.0,0.75,0.13093364414602515
18,278167,80,v_scale,-5.0,down,0.5,0.75,0.0,0.75,0.13093364414602515
18,278167,80,v_scale,10.0,up,0.5,0.75,0.0,0.75,0.13093364414602515
18,278167,80,v_scale,-10.0,down,0.5,0.75,0.0,0.75,0.13093364414602515
18,278167,80,v_scale,20.0,up,0.5,0.75,0.0,0.75,0.13093364414602515
18,278167,80,v_scale,-20.0,down,0.5,0.75,0.0,0.75,0.13093364414602515
18,278167,80,v_scale,30.0,up,0.5,0.75,0.0,0.75,0.13093364414602515
18,278167,80,v_scale,-30.0,down,0.5,0.75,0.0,0.75,0.13093364414602515
18,278167,80,R_off,5.0,up,0.5,0.75,0.0,0.75,0.13093364414602515
18,278167,80,R_off,-5.0,down,0.5,0.75,0.0,0.75,0.13093364414602515
18,278167,80,R_off,10.0,up,0.75,0.75,0.0,0.75,0.13093364414602515
18,278167,80,R_off,-10.0,down,0.5,0.75,0.0,0.75,0.13093364414602515
18,278167,80,R_off,20.0,up,0.75,0.75,0.0,0.75,0.13093364414602515
18,278167,80,R_off,-20.0,down,0.5,0.75,0.0,0.75,0.13093364414602515
18,278167,80,R_off,30.0,up,0.75,0.75,0.0,0.75,0.13093364414602515
18,278167,80,R_off,-30.0,down,0.5,0.75,0.0,0.75,0.13093364414602515
18,278167,80,R_on,5.0,up,0.5,0.75,0.0,0.75,0.13093364414602515
18,278167,80,R_on,-5.0,down,0.75,0.75,0.0,0.75,0.13093364414602515
18,278167,80,R_on,10.0,up,0.5,0.75,0.0,0.75,0.13093364414602515
18,278167,80,R_on,-10.0,down,0.75,0.75,0.0,0.75,0.13093364414602515
18,278167,80,R_on,20.0,up,0.5,0.75,0.0,0.75,0.13093364414602515
18,278167,80,R_on,-20.0,down,0.75,0.75,0.0,0.75,0.13093364414602515
18,278167,80,R_on,30.0,up,0.5,0.75,0.0,0.75,0.13093364414602515
18,278167,80,R_on,-30.0,down,0.75,0.75,0.0,0.75,0.13093364414602515
18,278167,80,alpha,5.0,up,0.5,0.75,0.0,0.75,0.13093364414602515
18,278167,80,alpha,-5.0,down,0.5,0.75,0.0,0.75,0.13093364414602515
18,278167,80,alpha,10.0,up,0.75,0.75,0.0,0.75,0.13093364414602515
18,278167,80,alpha,-10.0,down,0.5,0.75,0.0,0.75,0.13093364414602515
18,278167,80,alpha,20.0,up,0.75,0.75,0.0,0.75,0.13093364414602515
18,278167,80,alpha,-20.0,down,0.5,0.75,0.0,0.75,0.13093364414602515
18,278167,80,alpha,30.0,up,0.75,0.75,0.0,0.75,0.13093364414602515
18,278167,80,alpha,-30.0,down,0.5,0.75,0.0,0.75,0.13093364414602515
19,41090,80,none,0.0,none,0.5,0.5,0.0,0.5,0.0
19,41090,80,tau_v,5.0,up,0.5,0.5,0.0,0.5,0.0
19,41090,80,tau_v,-5.0,down,0.5,0.5,0.0,0.5,0.0
19,41090,80,tau_v,10.0,up,0.5,0.5,0.0,0.5,0.0
19,41090,80,tau_v,-10.0,down,0.5,0.5,0.0,0.5,0.0
19,41090,80,tau_v,20.0,up,0.5,0.5,0.0,0.5,0.0
19,41090,80,tau_v,-20.0,down,0.5,0.5,0.0,0.5,0.0
19,41090,80,tau_v,30.0,up,0.5,0.5,0.0,0.5,0.0
19,41090,80,tau_v,-30.0,down,0.5,0.5,0.0,0.5,0.0
19,41090,80,tau_w,5.0,up,0.5,0.5,0.0,0.5,0.0
19,41090,80,tau_w,-5.0,down,0.5,0.5,0.0,0.5,0.0
19,41090,80,tau_w,10.0,up,0.5,0.5,0.0,0.5,0.0
19,41090,80,tau_w,-10.0,down,0.5,0.5,0.0,0.5,0.0
19,41090,80,tau_w,20.0,up,0.5,0.5,0.0,0.5,0.0
19,41090,80,tau_w,-20.0,down,0.5,0.5,0.0,0.5,0.0
19,41090,80,tau_w,30.0,up,0.5,0.5,0.0,0.5,0.0
19,41090,80,tau_w,-30.0,down,0.5,0.5,0.0,0.5,0.0
19,41090,80,a,5.0,up,0.5,0.5,0.0,0.5,0.0
19,41090,80,a,-5.0,down,0.5,0.5,0.0,0.5,0.0
19,41090,80,a,10.0,up,0.5,0.5,0.0,0.5,0.0
19,41090,80,a,-10.0,down,0.5,0.5,0.0,0.5,0.0
19,41090,80,a,20.0,up,0.5,0.5,0.0,0.5,0.0
19,41090,80,a,-20.0,down,0.5,0.5,0.0,0.5,0.0
19,41090,80,a,30.0,up,0.5,0.5,0.0,0.5,0.0
19,41090,80,a,-30.0,down,0.5,0.5,0.0,0.5,0.0
19,41090,80,b,5.0,up,0.5,0.5,0.0,0.5,0.0
19,41090,80,b,-5.0,down,0.5,0.5,0.0,0.5,0.0
19,41090,80,b,10.0,up,0.5,0.5,0.0,0.5,0.0
19,41090,80,b,-10.0,down,0.5,0.5,0.0,0.5,0.0
19,41090,80,b,20.0,up,0.5,0.5,0.0,0.5,0.0
19,41090,80,b,-20.0,down,0.5,0.5,0.0,0.5,0.0
19,41090,80,b,30.0,up,0.5,0.5,0.0,0.5,0.0
19,41090,80,b,-30.0,down,0.5,0.5,0.0,0.5,0.0
19,41090,80,v_scale,5.0,up,0.5,0.5,0.0,0.5,0.0
19,41090,80,v_scale,-5.0,down,0.5,0.5,0.0,0.5,0.0
19,41090,80,v_scale,10.0,up,0.5,0.5,0.0,0.5,0.0
19,41090,80,v_scale,-10.0,down,0.5,0.5,0.0,0.5,0.0
19,41090,80,v_scale,20.0,up,0.5,0.5,0.0,0.5,0.0
19,41090,80,v_scale,-20.0,down,0.5,0.5,0.0,0.5,0.0
19,41090,80,v_scale,30.0,up,0.5,0.5,0.0,0.5,0.0
19,41090,80,v_scale,-30.0,down,0.5,0.5,0.0,0.5,0.0
19,41090,80,R_off,5.0,up,0.5,0.5,0.0,0.5,0.0
19,41090,80,R_off,-5.0,down,0.5,0.5,0.0,0.5,0.0
19,41090,80,R_off,10.0,up,0.5,0.5,0.0,0.5,0.0
19,41090,80,R_off,-10.0,down,0.5,0.5,0.0,0.5,0.0
19,41090,80,R_off,20.0,up,0.5,0.5,0.0,0.5,0.0
19,41090,80,R_off,-20.0,down,0.5,0.5,0.0,0.5,0.0
19,41090,80,R_off,30.0,up,0.5,0.5,0.0,0.5,0.0
19,41090,80,R_off,-30.0,down,0.5,0.5,0.0,0.5,0.0
19,41090,80,R_on,5.0,up,0.5,0.5,0.0,0.5,0.0
19,41090,80,R_on,-5.0,down,0.5,0.5,0.0,0.5,0.0
19,41090,80,R_on,10.0,up,0.5,0.5,0.0,0.5,0.0
19,41090,80,R_on,-10.0,down,0.5,0.5,0.0,0.5,0.0
19,41090,80,R_on,20.0,up,0.5,0.5,0.0,0.5,0.0
19,41090,80,R_on,-20.0,down,0.5,0.5,0.0,0.5,0.0
19,41090,80,R_on,30.0,up,0.5,0.5,0.0,0.5,0.0
19,41090,80,R_on,-30.0,down,0.5,0.5,0.0,0.5,0.0
19,41090,80,alpha,5.0,up,0.5,0.5,0.0,0.5,0.0
19,41090,80,alpha,-5.0,down,0.5,0.5,0.0,0.5,0.0
19,41090,80,alpha,10.0,up,0.5,0.5,0.0,0.5,0.0
19,41090,80,alpha,-10.0,down,0.5,0.5,0.0,0.5,0.0
19,41090,80,alpha,20.0,up,0.5,0.5,0.0,0.5,0.0
19,41090,80,alpha,-20.0,down,0.5,0.5,0.0,0.5,0.0
19,41090,80,alpha,30.0,up,0.5,0.5,0.0,0.5,0.0
19,41090,80,alpha,-30.0,down,0.5,0.5,0.0,0.5,0.0
